CREATE TABLE igazgatosag (
  id int NOT NULL,
  nev varchar(40) NOT NULL,
  kozpont varchar(11) NOT NULL,
  CONSTRAINT pk_igazgatosag 
    PRIMARY KEY (id)
);

CREATE TABLE vizmerce (
  id int NOT NULL,
  varos varchar(9) NOT NULL,
  igId int NOT NULL,
  folyKm float NOT NULL,
  ksz1 int NOT NULL,
  ksz2 int NOT NULL,
  ksz3 int NOT NULL,
  lkv int NOT NULL,
  lnv int NOT NULL,
  nullPont float NOT NULL,
  CONSTRAINT pk_vizmerce 
    PRIMARY KEY (id),
  CONSTRAINT fk_igazgatosag
    FOREIGN KEY (igId) REFERENCES igazgatosag(id)
);

CREATE TABLE meres (
  id int NOT NULL,
  vmId int NOT NULL,
  nap date NOT NULL,
  ido time NOT NULL,
  vizAllas int NOT NULL,
  CONSTRAINT pk_vizallas 
    PRIMARY KEY (id),
  CONSTRAINT fk_vizmerce  
    FOREIGN KEY (vmId) REFERENCES vizmerce(id)
);

INSERT INTO igazgatosag VALUES
(1, 'Felső-Tisza-vidéki Vízügyi Igazgatóság', 'Nyíregyháza'),
(2, 'Észak-magyarországi Vízügyi Igazgatóság', 'Miskolc'),
(3, 'Közép-Tisza-vidéki Vízügyi Igazgatóság', 'Szolnok'),
(4, 'Alsó-Tisza-vidéki Vízügyi Igazgatóság', 'Szeged');

INSERT INTO vizmerce VALUES
(1, 'Tiszabecs', 1, 744.300 , 300, 400, 500, -262, 736, 114.34), 
(2, 'Záhony', 1, 627.800 , 500, 550, 650, -367, 758, 98.14), 
(3, 'Tokaj', 1, 543.079 , 650, 700, 800, -184, 928, 89.33), 
(4, 'Szolnok', 3, 334.600 , 650, 750, 800, -279, 1041, 78.75), 
(5, 'Szeged', 4, 173.600 , 650, 750, 850, -250, 1009, 73.7);

INSERT INTO meres VALUES
(1, 1, '2020-04-16', '23:00', -155),
(2, 1, '2020-04-16', '22:00', -156),
(3, 1, '2020-04-16', '21:00', -156),
(4, 1, '2020-04-16', '20:00', -157),
(5, 1, '2020-04-16', '19:00', -156),
(6, 1, '2020-04-16', '18:00', -155),
(7, 1, '2020-04-16', '17:00', -155),
(8, 1, '2020-04-16', '16:00', -155),
(9, 1, '2020-04-16', '15:00', -154),
(10, 1, '2020-04-16', '14:00', -152),
(11, 1, '2020-04-16', '13:00', -151),
(12, 1, '2020-04-16', '12:00', -150),
(13, 1, '2020-04-16', '11:00', -149),
(14, 1, '2020-04-16', '10:00', -148),
(15, 1, '2020-04-16', '09:00', -147),
(16, 1, '2020-04-16', '08:00', -146),
(17, 1, '2020-04-16', '07:00', -144),
(18, 1, '2020-04-16', '06:00', -142),
(19, 1, '2020-04-16', '05:00', -142),
(20, 1, '2020-04-16', '04:00', -142),
(21, 1, '2020-04-16', '03:00', -142),
(22, 1, '2020-04-16', '02:00', -143),
(23, 1, '2020-04-16', '01:00', -142),
(24, 1, '2020-04-16', '00:00', -142),
(25, 1, '2020-04-15', '23:00', -141),
(26, 1, '2020-04-15', '22:00', -140),
(27, 1, '2020-04-15', '21:00', -139),
(28, 1, '2020-04-15', '20:00', -138),
(29, 1, '2020-04-15', '19:00', -137),
(30, 1, '2020-04-15', '18:00', -136),
(31, 1, '2020-04-15', '17:00', -134),
(32, 1, '2020-04-15', '16:00', -133),
(33, 1, '2020-04-15', '15:00', -131),
(34, 1, '2020-04-15', '14:00', -130),
(35, 1, '2020-04-15', '13:00', -130),
(36, 1, '2020-04-15', '12:00', -130),
(37, 1, '2020-04-15', '11:00', -132),
(38, 1, '2020-04-15', '10:00', -134),
(39, 1, '2020-04-15', '09:00', -134),
(40, 1, '2020-04-15', '08:00', -136),
(41, 1, '2020-04-15', '07:00', -140),
(42, 1, '2020-04-15', '06:00', -141),
(43, 1, '2020-04-15', '05:00', -144),
(44, 1, '2020-04-15', '04:00', -147),
(45, 1, '2020-04-15', '03:00', -149),
(46, 1, '2020-04-15', '02:00', -150),
(47, 1, '2020-04-15', '01:00', -152),
(48, 1, '2020-04-15', '00:00', -155),
(49, 1, '2020-04-14', '23:00', -157),
(50, 1, '2020-04-14', '22:00', -160),
(51, 1, '2020-04-14', '21:00', -162),
(52, 1, '2020-04-14', '20:00', -163),
(53, 1, '2020-04-14', '19:00', -164),
(54, 1, '2020-04-14', '18:00', -164),
(55, 1, '2020-04-14', '17:00', -164),
(56, 1, '2020-04-14', '16:00', -163),
(57, 1, '2020-04-14', '15:00', -162),
(58, 1, '2020-04-14', '14:00', -160),
(59, 1, '2020-04-14', '13:00', -160),
(60, 1, '2020-04-14', '12:00', -160),
(61, 1, '2020-04-14', '11:00', -160),
(62, 1, '2020-04-14', '10:00', -159),
(63, 1, '2020-04-14', '09:00', -158),
(64, 1, '2020-04-14', '08:00', -158),
(65, 1, '2020-04-14', '07:00', -160),
(66, 1, '2020-04-14', '06:00', -158),
(67, 1, '2020-04-14', '05:00', -158),
(68, 1, '2020-04-14', '04:00', -159),
(69, 1, '2020-04-14', '03:00', -159),
(70, 1, '2020-04-14', '02:00', -160),
(71, 1, '2020-04-14', '01:00', -160),
(72, 1, '2020-04-14', '00:00', -162),
(73, 1, '2020-04-13', '23:00', -164),
(74, 1, '2020-04-13', '22:00', -166),
(75, 1, '2020-04-13', '21:00', -166),
(76, 1, '2020-04-13', '20:00', -166),
(77, 1, '2020-04-13', '19:00', -166),
(78, 1, '2020-04-13', '18:00', -166),
(79, 1, '2020-04-13', '17:00', -165),
(80, 1, '2020-04-13', '16:00', -164),
(81, 1, '2020-04-13', '15:00', -164),
(82, 1, '2020-04-13', '14:00', -162),
(83, 1, '2020-04-13', '13:00', -161),
(84, 1, '2020-04-13', '12:00', -160),
(85, 1, '2020-04-13', '11:00', -159),
(86, 1, '2020-04-13', '10:00', -160),
(87, 1, '2020-04-13', '09:00', -160),
(88, 1, '2020-04-13', '08:00', -160),
(89, 1, '2020-04-13', '07:00', -163),
(90, 1, '2020-04-13', '06:00', -161),
(91, 1, '2020-04-13', '05:00', -160),
(92, 1, '2020-04-13', '04:00', -159),
(93, 1, '2020-04-13', '03:00', -159),
(94, 1, '2020-04-13', '02:00', -159),
(95, 1, '2020-04-13', '01:00', -159),
(96, 1, '2020-04-13', '00:00', -160),
(97, 1, '2020-04-12', '23:00', -161),
(98, 1, '2020-04-12', '22:00', -162),
(99, 1, '2020-04-12', '21:00', -163),
(100, 1, '2020-04-12', '20:00', -163);
INSERT INTO meres VALUES
(101, 1, '2020-04-12', '19:00', -163),
(102, 1, '2020-04-12', '18:00', -162),
(103, 1, '2020-04-12', '17:00', -162),
(104, 1, '2020-04-12', '16:00', -161),
(105, 1, '2020-04-12', '15:00', -159),
(106, 1, '2020-04-12', '14:00', -158),
(107, 1, '2020-04-12', '13:00', -156),
(108, 1, '2020-04-12', '12:00', -156),
(109, 1, '2020-04-12', '11:00', -155),
(110, 1, '2020-04-12', '10:00', -155),
(111, 1, '2020-04-12', '09:00', -155),
(112, 1, '2020-04-12', '08:00', -154),
(113, 1, '2020-04-12', '07:00', -156),
(114, 1, '2020-04-12', '06:00', -155),
(115, 1, '2020-04-12', '05:00', -154),
(116, 1, '2020-04-12', '04:00', -154),
(117, 1, '2020-04-12', '03:00', -154),
(118, 1, '2020-04-12', '02:00', -154),
(119, 1, '2020-04-12', '01:00', -155),
(120, 1, '2020-04-12', '00:00', -156),
(121, 1, '2020-04-11', '23:00', -157),
(122, 1, '2020-04-11', '22:00', -159),
(123, 1, '2020-04-11', '21:00', -159),
(124, 1, '2020-04-11', '20:00', -159),
(125, 1, '2020-04-11', '19:00', -160),
(126, 1, '2020-04-11', '18:00', -161),
(127, 1, '2020-04-11', '17:00', -160),
(128, 1, '2020-04-11', '16:00', -160),
(129, 1, '2020-04-11', '15:00', -159),
(130, 1, '2020-04-11', '14:00', -158),
(131, 1, '2020-04-11', '13:00', -157),
(132, 1, '2020-04-11', '12:00', -157),
(133, 1, '2020-04-11', '11:00', -156),
(134, 1, '2020-04-11', '10:00', -156),
(135, 1, '2020-04-11', '09:00', -156),
(136, 1, '2020-04-11', '08:00', -155),
(137, 1, '2020-04-11', '07:00', -158),
(138, 1, '2020-04-11', '06:00', -155),
(139, 1, '2020-04-11', '05:00', -155),
(140, 1, '2020-04-11', '04:00', -156),
(141, 1, '2020-04-11', '03:00', -156),
(142, 1, '2020-04-11', '02:00', -157),
(143, 1, '2020-04-11', '01:00', -159),
(144, 1, '2020-04-11', '00:00', -159),
(145, 1, '2020-04-10', '23:00', -162),
(146, 1, '2020-04-10', '22:00', -163),
(147, 1, '2020-04-10', '21:00', -165),
(148, 1, '2020-04-10', '20:00', -166),
(149, 1, '2020-04-10', '19:00', -166),
(150, 1, '2020-04-10', '18:00', -166),
(151, 1, '2020-04-10', '17:00', -167),
(152, 1, '2020-04-10', '16:00', -166),
(153, 1, '2020-04-10', '15:00', -166),
(154, 1, '2020-04-10', '14:00', -164),
(155, 1, '2020-04-10', '13:00', -164),
(156, 1, '2020-04-10', '12:00', -163),
(157, 1, '2020-04-10', '11:00', -163),
(158, 1, '2020-04-10', '10:00', -163),
(159, 1, '2020-04-10', '09:00', -163),
(160, 1, '2020-04-10', '08:00', -163),
(161, 1, '2020-04-10', '07:00', -165),
(162, 1, '2020-04-10', '06:00', -163),
(163, 1, '2020-04-10', '05:00', -163),
(164, 1, '2020-04-10', '04:00', -164),
(165, 1, '2020-04-10', '03:00', -165),
(166, 1, '2020-04-10', '02:00', -165),
(167, 1, '2020-04-10', '01:00', -166),
(168, 1, '2020-04-10', '00:00', -168),
(169, 1, '2020-04-09', '23:00', -169),
(170, 1, '2020-04-09', '22:00', -172),
(171, 1, '2020-04-09', '21:00', -173),
(172, 1, '2020-04-09', '20:00', -173),
(173, 1, '2020-04-09', '19:00', -173),
(174, 1, '2020-04-09', '18:00', -173),
(175, 1, '2020-04-09', '17:00', -173),
(176, 1, '2020-04-09', '16:00', -172),
(177, 1, '2020-04-09', '15:00', -170),
(178, 1, '2020-04-09', '14:00', -169),
(179, 1, '2020-04-09', '13:00', -168),
(180, 1, '2020-04-09', '12:00', -167),
(181, 1, '2020-04-09', '11:00', -166),
(182, 1, '2020-04-09', '10:00', -167),
(183, 1, '2020-04-09', '09:00', -167),
(184, 1, '2020-04-09', '08:00', -167),
(185, 1, '2020-04-09', '07:00', -170),
(186, 1, '2020-04-09', '06:00', -168),
(187, 1, '2020-04-09', '05:00', -168),
(188, 1, '2020-04-09', '04:00', -168),
(189, 1, '2020-04-09', '03:00', -168),
(190, 1, '2020-04-09', '02:00', -169),
(191, 1, '2020-04-09', '01:00', -169),
(192, 1, '2020-04-09', '00:00', -170),
(193, 1, '2020-04-08', '23:00', -173),
(194, 1, '2020-04-08', '22:00', -174),
(195, 1, '2020-04-08', '21:00', -176),
(196, 1, '2020-04-08', '20:00', -176),
(197, 1, '2020-04-08', '19:00', -176),
(198, 1, '2020-04-08', '18:00', -176),
(199, 1, '2020-04-08', '17:00', -176),
(200, 1, '2020-04-08', '16:00', -176);
INSERT INTO meres VALUES
(201, 1, '2020-04-08', '15:00', -176),
(202, 1, '2020-04-08', '14:00', -175),
(203, 1, '2020-04-08', '13:00', -175),
(204, 1, '2020-04-08', '12:00', -176),
(205, 1, '2020-04-08', '11:00', -176),
(206, 1, '2020-04-08', '10:00', -174),
(207, 1, '2020-04-08', '09:00', -172),
(208, 1, '2020-04-08', '08:00', -172),
(209, 1, '2020-04-08', '07:00', -174),
(210, 1, '2020-04-08', '06:00', -172),
(211, 1, '2020-04-08', '05:00', -172),
(212, 1, '2020-04-08', '04:00', -172),
(213, 1, '2020-04-08', '03:00', -172),
(214, 1, '2020-04-08', '02:00', -172),
(215, 1, '2020-04-08', '01:00', -173),
(216, 1, '2020-04-08', '00:00', -173),
(217, 1, '2020-04-07', '23:00', -174),
(218, 1, '2020-04-07', '22:00', -176),
(219, 1, '2020-04-07', '21:00', -176),
(220, 1, '2020-04-07', '20:00', -177),
(221, 1, '2020-04-07', '19:00', -177),
(222, 1, '2020-04-07', '18:00', -177),
(223, 1, '2020-04-07', '17:00', -176),
(224, 1, '2020-04-07', '16:00', -176),
(225, 1, '2020-04-07', '15:00', -173),
(226, 1, '2020-04-07', '14:00', -172),
(227, 1, '2020-04-07', '13:00', -172),
(228, 1, '2020-04-07', '12:00', -172),
(229, 1, '2020-04-07', '11:00', -172),
(230, 1, '2020-04-07', '10:00', -171),
(231, 1, '2020-04-07', '09:00', -171),
(232, 1, '2020-04-07', '08:00', -171),
(233, 1, '2020-04-07', '07:00', -173),
(234, 1, '2020-04-07', '06:00', -170),
(235, 1, '2020-04-07', '05:00', -170),
(236, 1, '2020-04-07', '04:00', -171),
(237, 1, '2020-04-07', '03:00', -171),
(238, 1, '2020-04-07', '02:00', -171),
(239, 1, '2020-04-07', '01:00', -171),
(240, 1, '2020-04-07', '00:00', -172),
(241, 1, '2020-04-06', '23:00', -172),
(242, 1, '2020-04-06', '22:00', -173),
(243, 1, '2020-04-06', '21:00', -173),
(244, 1, '2020-04-06', '20:00', -174),
(245, 1, '2020-04-06', '19:00', -174),
(246, 1, '2020-04-06', '18:00', -174),
(247, 1, '2020-04-06', '17:00', -173),
(248, 1, '2020-04-06', '16:00', -173),
(249, 1, '2020-04-06', '15:00', -173),
(250, 1, '2020-04-06', '14:00', -173),
(251, 1, '2020-04-06', '13:00', -173),
(252, 1, '2020-04-06', '12:00', -172),
(253, 1, '2020-04-06', '11:00', -172),
(254, 1, '2020-04-06', '10:00', -173),
(255, 1, '2020-04-06', '09:00', -173),
(256, 1, '2020-04-06', '08:00', -172),
(257, 1, '2020-04-06', '07:00', -174),
(258, 1, '2020-04-06', '06:00', -171),
(259, 1, '2020-04-06', '05:00', -171),
(260, 1, '2020-04-06', '04:00', -171),
(261, 1, '2020-04-06', '03:00', -171),
(262, 1, '2020-04-06', '02:00', -171),
(263, 1, '2020-04-06', '01:00', -171),
(264, 1, '2020-04-06', '00:00', -172),
(265, 1, '2020-04-05', '23:00', -172),
(266, 1, '2020-04-05', '22:00', -173),
(267, 1, '2020-04-05', '21:00', -174),
(268, 1, '2020-04-05', '20:00', -174),
(269, 1, '2020-04-05', '19:00', -174),
(270, 1, '2020-04-05', '18:00', -174),
(271, 1, '2020-04-05', '17:00', -174),
(272, 1, '2020-04-05', '16:00', -173),
(273, 1, '2020-04-05', '15:00', -172),
(274, 1, '2020-04-05', '14:00', -172),
(275, 1, '2020-04-05', '13:00', -170),
(276, 1, '2020-04-05', '12:00', -169),
(277, 1, '2020-04-05', '11:00', -169),
(278, 1, '2020-04-05', '10:00', -169),
(279, 1, '2020-04-05', '09:00', -169),
(280, 1, '2020-04-05', '08:00', -169),
(281, 1, '2020-04-05', '07:00', -172),
(282, 1, '2020-04-05', '06:00', -169),
(283, 1, '2020-04-05', '05:00', -169),
(284, 1, '2020-04-05', '04:00', -168),
(285, 1, '2020-04-05', '03:00', -168),
(286, 1, '2020-04-05', '02:00', -168),
(287, 1, '2020-04-05', '01:00', -169),
(288, 1, '2020-04-05', '00:00', -169),
(289, 1, '2020-04-04', '23:00', -170),
(290, 1, '2020-04-04', '22:00', -172),
(291, 1, '2020-04-04', '21:00', -173),
(292, 1, '2020-04-04', '20:00', -173),
(293, 1, '2020-04-04', '19:00', -173),
(294, 1, '2020-04-04', '18:00', -173),
(295, 1, '2020-04-04', '17:00', -172),
(296, 1, '2020-04-04', '16:00', -170),
(297, 1, '2020-04-04', '15:00', -169),
(298, 1, '2020-04-04', '14:00', -169),
(299, 1, '2020-04-04', '13:00', -168),
(300, 1, '2020-04-04', '12:00', -168);
INSERT INTO meres VALUES
(301, 1, '2020-04-04', '11:00', -167),
(302, 1, '2020-04-04', '10:00', -167),
(303, 1, '2020-04-04', '09:00', -167),
(304, 1, '2020-04-04', '08:00', -167),
(305, 1, '2020-04-04', '07:00', -170),
(306, 1, '2020-04-04', '06:00', -166),
(307, 1, '2020-04-04', '05:00', -166),
(308, 1, '2020-04-04', '04:00', -166),
(309, 1, '2020-04-04', '03:00', -166),
(310, 1, '2020-04-04', '02:00', -165),
(311, 1, '2020-04-04', '01:00', -165),
(312, 1, '2020-04-04', '00:00', -165),
(313, 1, '2020-04-03', '23:00', -165),
(314, 1, '2020-04-03', '22:00', -166),
(315, 1, '2020-04-03', '21:00', -166),
(316, 1, '2020-04-03', '20:00', -166),
(317, 1, '2020-04-03', '19:00', -166),
(318, 1, '2020-04-03', '18:00', -166),
(319, 1, '2020-04-03', '17:00', -166),
(320, 1, '2020-04-03', '16:00', -166),
(321, 1, '2020-04-03', '15:00', -166),
(322, 1, '2020-04-03', '14:00', -166),
(323, 1, '2020-04-03', '13:00', -166),
(324, 1, '2020-04-03', '12:00', -166),
(325, 1, '2020-04-03', '11:00', -165),
(326, 1, '2020-04-03', '10:00', -165),
(327, 1, '2020-04-03', '09:00', -165),
(328, 1, '2020-04-03', '08:00', -165),
(329, 1, '2020-04-03', '07:00', -168),
(330, 1, '2020-04-03', '06:00', -165),
(331, 1, '2020-04-03', '05:00', -163),
(332, 1, '2020-04-03', '04:00', -162),
(333, 1, '2020-04-03', '03:00', -161),
(334, 1, '2020-04-03', '02:00', -162),
(335, 1, '2020-04-03', '01:00', -162),
(336, 1, '2020-04-03', '00:00', -161),
(337, 1, '2020-04-02', '23:00', -162),
(338, 1, '2020-04-02', '22:00', -162),
(339, 1, '2020-04-02', '21:00', -163),
(340, 1, '2020-04-02', '20:00', -163),
(341, 1, '2020-04-02', '19:00', -163),
(342, 1, '2020-04-02', '18:00', -164),
(343, 1, '2020-04-02', '17:00', -164),
(344, 1, '2020-04-02', '16:00', -164),
(345, 1, '2020-04-02', '15:00', -163),
(346, 1, '2020-04-02', '14:00', -163),
(347, 1, '2020-04-02', '13:00', -163),
(348, 1, '2020-04-02', '12:00', -163),
(349, 1, '2020-04-02', '11:00', -163),
(350, 1, '2020-04-02', '10:00', -162),
(351, 1, '2020-04-02', '09:00', -162),
(352, 1, '2020-04-02', '08:00', -162),
(353, 1, '2020-04-02', '07:00', -165),
(354, 1, '2020-04-02', '06:00', -161),
(355, 1, '2020-04-02', '05:00', -160),
(356, 1, '2020-04-02', '04:00', -160),
(357, 1, '2020-04-02', '03:00', -159),
(358, 1, '2020-04-02', '02:00', -159),
(359, 1, '2020-04-02', '01:00', -159),
(360, 1, '2020-04-02', '00:00', -159),
(361, 1, '2020-04-01', '23:00', -158),
(362, 1, '2020-04-01', '22:00', -158),
(363, 1, '2020-04-01', '21:00', -158),
(364, 1, '2020-04-01', '20:00', -158),
(365, 1, '2020-04-01', '19:00', -158),
(366, 1, '2020-04-01', '18:00', -157),
(367, 1, '2020-04-01', '17:00', -157),
(368, 1, '2020-04-01', '16:00', -157),
(369, 1, '2020-04-01', '15:00', -156),
(370, 1, '2020-04-01', '14:00', -156),
(371, 1, '2020-04-01', '13:00', -155),
(372, 1, '2020-04-01', '12:00', -155),
(373, 1, '2020-04-01', '11:00', -156),
(374, 1, '2020-04-01', '10:00', -157),
(375, 1, '2020-04-01', '09:00', -157),
(376, 1, '2020-04-01', '08:00', -156),
(377, 1, '2020-04-01', '07:00', -159),
(378, 1, '2020-04-01', '06:00', -154),
(379, 1, '2020-04-01', '05:00', -154),
(380, 1, '2020-04-01', '04:00', -153),
(381, 1, '2020-04-01', '03:00', -152),
(382, 1, '2020-04-01', '02:00', -151),
(383, 1, '2020-04-01', '01:00', -151),
(384, 1, '2020-04-01', '00:00', -151),
(385, 1, '2020-03-31', '23:00', -151),
(386, 1, '2020-03-31', '22:00', -150),
(387, 1, '2020-03-31', '21:00', -150),
(388, 1, '2020-03-31', '20:00', -149),
(389, 1, '2020-03-31', '19:00', -150),
(390, 1, '2020-03-31', '18:00', -149),
(391, 1, '2020-03-31', '17:00', -149),
(392, 1, '2020-03-31', '16:00', -149),
(393, 1, '2020-03-31', '15:00', -149),
(394, 1, '2020-03-31', '14:00', -149),
(395, 1, '2020-03-31', '13:00', -149),
(396, 1, '2020-03-31', '12:00', -148),
(397, 1, '2020-03-31', '11:00', -148),
(398, 1, '2020-03-31', '10:00', -148),
(399, 1, '2020-03-31', '09:00', -149),
(400, 1, '2020-03-31', '08:00', -149);
INSERT INTO meres VALUES
(401, 1, '2020-03-31', '07:00', -152),
(402, 1, '2020-03-31', '06:00', -149),
(403, 1, '2020-03-31', '05:00', -149),
(404, 1, '2020-03-31', '04:00', -149),
(405, 1, '2020-03-31', '03:00', -148),
(406, 1, '2020-03-31', '02:00', -148),
(407, 1, '2020-03-31', '01:00', -148),
(408, 1, '2020-03-31', '00:00', -148),
(409, 1, '2020-03-30', '23:00', -149),
(410, 1, '2020-03-30', '22:00', -149),
(411, 1, '2020-03-30', '21:00', -149),
(412, 1, '2020-03-30', '20:00', -149),
(413, 1, '2020-03-30', '19:00', -149),
(414, 1, '2020-03-30', '18:00', -150),
(415, 1, '2020-03-30', '17:00', -150),
(416, 1, '2020-03-30', '16:00', -150),
(417, 1, '2020-03-30', '15:00', -150),
(418, 1, '2020-03-30', '14:00', -149),
(419, 1, '2020-03-30', '13:00', -149),
(420, 1, '2020-03-30', '12:00', -149),
(421, 1, '2020-03-30', '11:00', -149),
(422, 1, '2020-03-30', '10:00', -149),
(423, 1, '2020-03-30', '09:00', -149),
(424, 1, '2020-03-30', '08:00', -149),
(425, 1, '2020-03-30', '07:00', -152),
(426, 1, '2020-03-30', '06:00', -149),
(427, 1, '2020-03-30', '05:00', -147),
(428, 1, '2020-03-30', '04:00', -147),
(429, 1, '2020-03-30', '03:00', -147),
(430, 1, '2020-03-30', '02:00', -147),
(431, 1, '2020-03-30', '01:00', -147),
(432, 1, '2020-03-30', '00:00', -147),
(433, 1, '2020-03-29', '23:00', -147),
(434, 1, '2020-03-29', '22:00', -147),
(435, 1, '2020-03-29', '21:00', -148),
(436, 1, '2020-03-29', '20:00', -149),
(437, 1, '2020-03-29', '19:00', -149),
(438, 1, '2020-03-29', '18:00', -149),
(439, 1, '2020-03-29', '17:00', -149),
(440, 1, '2020-03-29', '16:00', -148),
(441, 1, '2020-03-29', '15:00', -147),
(442, 1, '2020-03-29', '14:00', -147),
(443, 1, '2020-03-29', '13:00', -147),
(444, 1, '2020-03-29', '12:00', -146),
(445, 1, '2020-03-29', '11:00', -146),
(446, 1, '2020-03-29', '10:00', -146),
(447, 1, '2020-03-29', '09:00', -146),
(448, 1, '2020-03-29', '08:00', -145),
(449, 1, '2020-03-29', '07:00', -148),
(450, 1, '2020-03-29', '06:00', -145),
(451, 1, '2020-03-29', '05:00', -145),
(452, 1, '2020-03-29', '04:00', -144),
(453, 1, '2020-03-29', '03:00', -144),
(454, 1, '2020-03-29', '03:00', -144),
(455, 1, '2020-03-29', '01:00', -145),
(456, 1, '2020-03-29', '00:00', -145),
(457, 1, '2020-03-28', '23:00', -146),
(458, 1, '2020-03-28', '22:00', -146),
(459, 1, '2020-03-28', '21:00', -146),
(460, 1, '2020-03-28', '20:00', -147),
(461, 1, '2020-03-28', '19:00', -147),
(462, 1, '2020-03-28', '18:00', -148),
(463, 1, '2020-03-28', '17:00', -148),
(464, 1, '2020-03-28', '16:00', -148),
(465, 1, '2020-03-28', '15:00', -149),
(466, 1, '2020-03-28', '14:00', -148),
(467, 1, '2020-03-28', '13:00', -148),
(468, 1, '2020-03-28', '12:00', -148),
(469, 1, '2020-03-28', '11:00', -148),
(470, 1, '2020-03-28', '10:00', -148),
(471, 1, '2020-03-28', '09:00', -148),
(472, 1, '2020-03-28', '08:00', -149),
(473, 1, '2020-03-28', '07:00', -152),
(474, 1, '2020-03-28', '06:00', -151),
(475, 1, '2020-03-28', '05:00', -150),
(476, 1, '2020-03-28', '04:00', -150),
(477, 1, '2020-03-28', '03:00', -149),
(478, 1, '2020-03-28', '02:00', -147),
(479, 1, '2020-03-28', '01:00', -146),
(480, 1, '2020-03-28', '00:00', -144),
(481, 2, '2020-04-16', '23:00', -165),
(482, 2, '2020-04-16', '22:00', -165),
(483, 2, '2020-04-16', '21:00', -165),
(484, 2, '2020-04-16', '20:00', -165),
(485, 2, '2020-04-16', '19:00', -165),
(486, 2, '2020-04-16', '18:00', -165),
(487, 2, '2020-04-16', '17:00', -166),
(488, 2, '2020-04-16', '16:00', -167),
(489, 2, '2020-04-16', '15:00', -167),
(490, 2, '2020-04-16', '14:00', -169),
(491, 2, '2020-04-16', '13:00', -170),
(492, 2, '2020-04-16', '12:00', -171),
(493, 2, '2020-04-16', '11:00', -172),
(494, 2, '2020-04-16', '10:00', -174),
(495, 2, '2020-04-16', '09:00', -175),
(496, 2, '2020-04-16', '08:00', -176),
(497, 2, '2020-04-16', '07:00', -177),
(498, 2, '2020-04-16', '06:00', -179),
(499, 2, '2020-04-16', '05:00', -180),
(500, 2, '2020-04-16', '04:00', -182);
INSERT INTO meres VALUES
(501, 2, '2020-04-16', '03:00', -183),
(502, 2, '2020-04-16', '02:00', -184),
(503, 2, '2020-04-16', '01:00', -186),
(504, 2, '2020-04-16', '00:00', -186),
(505, 2, '2020-04-15', '23:00', -188),
(506, 2, '2020-04-15', '22:00', -188),
(507, 2, '2020-04-15', '21:00', -189),
(508, 2, '2020-04-15', '20:00', -189),
(509, 2, '2020-04-15', '19:00', -190),
(510, 2, '2020-04-15', '18:00', -190),
(511, 2, '2020-04-15', '17:00', -191),
(512, 2, '2020-04-15', '16:00', -191),
(513, 2, '2020-04-15', '15:00', -191),
(514, 2, '2020-04-15', '14:00', -192),
(515, 2, '2020-04-15', '13:00', -192),
(516, 2, '2020-04-15', '12:00', -193),
(517, 2, '2020-04-15', '11:00', -193),
(518, 2, '2020-04-15', '10:00', -193),
(519, 2, '2020-04-15', '09:00', -193),
(520, 2, '2020-04-15', '08:00', -194),
(521, 2, '2020-04-15', '07:00', -195),
(522, 2, '2020-04-15', '06:00', -194),
(523, 2, '2020-04-15', '05:00', -194),
(524, 2, '2020-04-15', '04:00', -194),
(525, 2, '2020-04-15', '03:00', -195),
(526, 2, '2020-04-15', '02:00', -195),
(527, 2, '2020-04-15', '01:00', -195),
(528, 2, '2020-04-15', '00:00', -195),
(529, 2, '2020-04-14', '23:00', -195),
(530, 2, '2020-04-14', '22:00', -195),
(531, 2, '2020-04-14', '21:00', -195),
(532, 2, '2020-04-14', '20:00', -196),
(533, 2, '2020-04-14', '19:00', -195),
(534, 2, '2020-04-14', '18:00', -195),
(535, 2, '2020-04-14', '17:00', -195),
(536, 2, '2020-04-14', '16:00', -195),
(537, 2, '2020-04-14', '15:00', -195),
(538, 2, '2020-04-14', '14:00', -195),
(539, 2, '2020-04-14', '13:00', -195),
(540, 2, '2020-04-14', '12:00', -194),
(541, 2, '2020-04-14', '11:00', -194),
(542, 2, '2020-04-14', '10:00', -194),
(543, 2, '2020-04-14', '09:00', -194),
(544, 2, '2020-04-14', '08:00', -194),
(545, 2, '2020-04-14', '07:00', -195),
(546, 2, '2020-04-14', '06:00', -193),
(547, 2, '2020-04-14', '05:00', -193),
(548, 2, '2020-04-14', '04:00', -193),
(549, 2, '2020-04-14', '03:00', -193),
(550, 2, '2020-04-14', '02:00', -193),
(551, 2, '2020-04-14', '01:00', -193),
(552, 2, '2020-04-14', '00:00', -193),
(553, 2, '2020-04-13', '23:00', -193),
(554, 2, '2020-04-13', '22:00', -193),
(555, 2, '2020-04-13', '21:00', -193),
(556, 2, '2020-04-13', '20:00', -192),
(557, 2, '2020-04-13', '19:00', -192),
(558, 2, '2020-04-13', '18:00', -192),
(559, 2, '2020-04-13', '17:00', -192),
(560, 2, '2020-04-13', '16:00', -192),
(561, 2, '2020-04-13', '15:00', -192),
(562, 2, '2020-04-13', '14:00', -192),
(563, 2, '2020-04-13', '13:00', -192),
(564, 2, '2020-04-13', '12:00', -192),
(565, 2, '2020-04-13', '11:00', -192),
(566, 2, '2020-04-13', '10:00', -192),
(567, 2, '2020-04-13', '09:00', -193),
(568, 2, '2020-04-13', '08:00', -193),
(569, 2, '2020-04-13', '07:00', -196),
(570, 2, '2020-04-13', '06:00', -193),
(571, 2, '2020-04-13', '05:00', -193),
(572, 2, '2020-04-13', '04:00', -193),
(573, 2, '2020-04-13', '03:00', -194),
(574, 2, '2020-04-13', '02:00', -194),
(575, 2, '2020-04-13', '01:00', -194),
(576, 2, '2020-04-13', '00:00', -194),
(577, 2, '2020-04-12', '23:00', -195),
(578, 2, '2020-04-12', '22:00', -195),
(579, 2, '2020-04-12', '21:00', -195),
(580, 2, '2020-04-12', '20:00', -195),
(581, 2, '2020-04-12', '19:00', -195),
(582, 2, '2020-04-12', '18:00', -196),
(583, 2, '2020-04-12', '17:00', -196),
(584, 2, '2020-04-12', '16:00', -196),
(585, 2, '2020-04-12', '15:00', -196),
(586, 2, '2020-04-12', '14:00', -197),
(587, 2, '2020-04-12', '13:00', -197),
(588, 2, '2020-04-12', '12:00', -197),
(589, 2, '2020-04-12', '11:00', -197),
(590, 2, '2020-04-12', '10:00', -198),
(591, 2, '2020-04-12', '09:00', -198),
(592, 2, '2020-04-12', '08:00', -198),
(593, 2, '2020-04-12', '07:00', -199),
(594, 2, '2020-04-12', '06:00', -199),
(595, 2, '2020-04-12', '05:00', -199),
(596, 2, '2020-04-12', '04:00', -199),
(597, 2, '2020-04-12', '03:00', -200),
(598, 2, '2020-04-12', '02:00', -200),
(599, 2, '2020-04-12', '01:00', -201),
(600, 2, '2020-04-12', '00:00', -201);
INSERT INTO meres VALUES
(601, 2, '2020-04-11', '23:00', -202),
(602, 2, '2020-04-11', '22:00', -202),
(603, 2, '2020-04-11', '21:00', -202),
(604, 2, '2020-04-11', '20:00', -203),
(605, 2, '2020-04-11', '19:00', -203),
(606, 2, '2020-04-11', '18:00', -203),
(607, 2, '2020-04-11', '17:00', -204),
(608, 2, '2020-04-11', '16:00', -204),
(609, 2, '2020-04-11', '15:00', -204),
(610, 2, '2020-04-11', '14:00', -204),
(611, 2, '2020-04-11', '13:00', -204),
(612, 2, '2020-04-11', '12:00', -205),
(613, 2, '2020-04-11', '11:00', -205),
(614, 2, '2020-04-11', '10:00', -205),
(615, 2, '2020-04-11', '09:00', -205),
(616, 2, '2020-04-11', '08:00', -205),
(617, 2, '2020-04-11', '07:00', -206),
(618, 2, '2020-04-11', '06:00', -206),
(619, 2, '2020-04-11', '05:00', -206),
(620, 2, '2020-04-11', '04:00', -207),
(621, 2, '2020-04-11', '03:00', -207),
(622, 2, '2020-04-11', '02:00', -207),
(623, 2, '2020-04-11', '01:00', -208),
(624, 2, '2020-04-11', '00:00', -208),
(625, 2, '2020-04-10', '23:00', -209),
(626, 2, '2020-04-10', '22:00', -209),
(627, 2, '2020-04-10', '21:00', -210),
(628, 2, '2020-04-10', '20:00', -210),
(629, 2, '2020-04-10', '19:00', -211),
(630, 2, '2020-04-10', '18:00', -211),
(631, 2, '2020-04-10', '17:00', -211),
(632, 2, '2020-04-10', '16:00', -211),
(633, 2, '2020-04-10', '15:00', -211),
(634, 2, '2020-04-10', '14:00', -211),
(635, 2, '2020-04-10', '13:00', -211),
(636, 2, '2020-04-10', '12:00', -212),
(637, 2, '2020-04-10', '11:00', -211),
(638, 2, '2020-04-10', '10:00', -211),
(639, 2, '2020-04-10', '09:00', -211),
(640, 2, '2020-04-10', '08:00', -211),
(641, 2, '2020-04-10', '07:00', -212),
(642, 2, '2020-04-10', '06:00', -211),
(643, 2, '2020-04-10', '05:00', -212),
(644, 2, '2020-04-10', '04:00', -212),
(645, 2, '2020-04-10', '03:00', -212),
(646, 2, '2020-04-10', '02:00', -213),
(647, 2, '2020-04-10', '01:00', -213),
(648, 2, '2020-04-10', '00:00', -213),
(649, 2, '2020-04-09', '23:00', -213),
(650, 2, '2020-04-09', '22:00', -213),
(651, 2, '2020-04-09', '21:00', -213),
(652, 2, '2020-04-09', '20:00', -213),
(653, 2, '2020-04-09', '19:00', -213),
(654, 2, '2020-04-09', '18:00', -213),
(655, 2, '2020-04-09', '17:00', -213),
(656, 2, '2020-04-09', '16:00', -213),
(657, 2, '2020-04-09', '15:00', -213),
(658, 2, '2020-04-09', '14:00', -213),
(659, 2, '2020-04-09', '13:00', -213),
(660, 2, '2020-04-09', '12:00', -213),
(661, 2, '2020-04-09', '11:00', -213),
(662, 2, '2020-04-09', '10:00', -213),
(663, 2, '2020-04-09', '09:00', -213),
(664, 2, '2020-04-09', '08:00', -212),
(665, 2, '2020-04-09', '07:00', -213),
(666, 2, '2020-04-09', '06:00', -212),
(667, 2, '2020-04-09', '05:00', -212),
(668, 2, '2020-04-09', '04:00', -212),
(669, 2, '2020-04-09', '03:00', -212),
(670, 2, '2020-04-09', '02:00', -212),
(671, 2, '2020-04-09', '01:00', -211),
(672, 2, '2020-04-09', '00:00', -211),
(673, 2, '2020-04-08', '23:00', -211),
(674, 2, '2020-04-08', '22:00', -211),
(675, 2, '2020-04-08', '21:00', -211),
(676, 2, '2020-04-08', '20:00', -211),
(677, 2, '2020-04-08', '19:00', -211),
(678, 2, '2020-04-08', '18:00', -210),
(679, 2, '2020-04-08', '17:00', -210),
(680, 2, '2020-04-08', '16:00', -210),
(681, 2, '2020-04-08', '15:00', -210),
(682, 2, '2020-04-08', '14:00', -209),
(683, 2, '2020-04-08', '13:00', -209),
(684, 2, '2020-04-08', '12:00', -209),
(685, 2, '2020-04-08', '11:00', -209),
(686, 2, '2020-04-08', '10:00', -209),
(687, 2, '2020-04-08', '09:00', -209),
(688, 2, '2020-04-08', '08:00', -208),
(689, 2, '2020-04-08', '07:00', -208),
(690, 2, '2020-04-08', '06:00', -208),
(691, 2, '2020-04-08', '05:00', -208),
(692, 2, '2020-04-08', '04:00', -208),
(693, 2, '2020-04-08', '03:00', -208),
(694, 2, '2020-04-08', '02:00', -208),
(695, 2, '2020-04-08', '01:00', -208),
(696, 2, '2020-04-08', '00:00', -208),
(697, 2, '2020-04-07', '23:00', -208),
(698, 2, '2020-04-07', '22:00', -208),
(699, 2, '2020-04-07', '21:00', -208),
(700, 2, '2020-04-07', '20:00', -208);
INSERT INTO meres VALUES
(701, 2, '2020-04-07', '19:00', -208),
(702, 2, '2020-04-07', '18:00', -208),
(703, 2, '2020-04-07', '17:00', -208),
(704, 2, '2020-04-07', '16:00', -207),
(705, 2, '2020-04-07', '15:00', -208),
(706, 2, '2020-04-07', '14:00', -207),
(707, 2, '2020-04-07', '13:00', -207),
(708, 2, '2020-04-07', '12:00', -207),
(709, 2, '2020-04-07', '11:00', -207),
(710, 2, '2020-04-07', '10:00', -207),
(711, 2, '2020-04-07', '09:00', -207),
(712, 2, '2020-04-07', '08:00', -207),
(713, 2, '2020-04-07', '07:00', -207),
(714, 2, '2020-04-07', '06:00', -206),
(715, 2, '2020-04-07', '05:00', -206),
(716, 2, '2020-04-07', '04:00', -206),
(717, 2, '2020-04-07', '03:00', -206),
(718, 2, '2020-04-07', '02:00', -206),
(719, 2, '2020-04-07', '01:00', -206),
(720, 2, '2020-04-07', '00:00', -205),
(721, 2, '2020-04-06', '23:00', -205),
(722, 2, '2020-04-06', '22:00', -205),
(723, 2, '2020-04-06', '21:00', -205),
(724, 2, '2020-04-06', '20:00', -205),
(725, 2, '2020-04-06', '19:00', -204),
(726, 2, '2020-04-06', '18:00', -204),
(727, 2, '2020-04-06', '17:00', -204),
(728, 2, '2020-04-06', '16:00', -204),
(729, 2, '2020-04-06', '15:00', -203),
(730, 2, '2020-04-06', '14:00', -203),
(731, 2, '2020-04-06', '13:00', -203),
(732, 2, '2020-04-06', '12:00', -202),
(733, 2, '2020-04-06', '11:00', -202),
(734, 2, '2020-04-06', '10:00', -202),
(735, 2, '2020-04-06', '09:00', -202),
(736, 2, '2020-04-06', '08:00', -202),
(737, 2, '2020-04-06', '07:00', -203),
(738, 2, '2020-04-06', '06:00', -201),
(739, 2, '2020-04-06', '05:00', -201),
(740, 2, '2020-04-06', '04:00', -201),
(741, 2, '2020-04-06', '03:00', -201),
(742, 2, '2020-04-06', '02:00', -200),
(743, 2, '2020-04-06', '01:00', -200),
(744, 2, '2020-04-06', '00:00', -200),
(745, 2, '2020-04-05', '23:00', -200),
(746, 2, '2020-04-05', '22:00', -199),
(747, 2, '2020-04-05', '21:00', -199),
(748, 2, '2020-04-05', '20:00', -198),
(749, 2, '2020-04-05', '19:00', -198),
(750, 2, '2020-04-05', '18:00', -198),
(751, 2, '2020-04-05', '17:00', -197),
(752, 2, '2020-04-05', '16:00', -197),
(753, 2, '2020-04-05', '15:00', -197),
(754, 2, '2020-04-05', '14:00', -196),
(755, 2, '2020-04-05', '13:00', -196),
(756, 2, '2020-04-05', '12:00', -195),
(757, 2, '2020-04-05', '11:00', -195),
(758, 2, '2020-04-05', '10:00', -195),
(759, 2, '2020-04-05', '09:00', -194),
(760, 2, '2020-04-05', '08:00', -194),
(761, 2, '2020-04-05', '07:00', -195),
(762, 2, '2020-04-05', '06:00', -193),
(763, 2, '2020-04-05', '05:00', -193),
(764, 2, '2020-04-05', '04:00', -193),
(765, 2, '2020-04-05', '03:00', -192),
(766, 2, '2020-04-05', '02:00', -192),
(767, 2, '2020-04-05', '01:00', -192),
(768, 2, '2020-04-05', '00:00', -192),
(769, 2, '2020-04-04', '23:00', -192),
(770, 2, '2020-04-04', '22:00', -191),
(771, 2, '2020-04-04', '21:00', -191),
(772, 2, '2020-04-04', '20:00', -191),
(773, 2, '2020-04-04', '19:00', -191),
(774, 2, '2020-04-04', '18:00', -190),
(775, 2, '2020-04-04', '17:00', -190),
(776, 2, '2020-04-04', '16:00', -190),
(777, 2, '2020-04-04', '15:00', -189),
(778, 2, '2020-04-04', '14:00', -189),
(779, 2, '2020-04-04', '13:00', -189),
(780, 2, '2020-04-04', '12:00', -188),
(781, 2, '2020-04-04', '11:00', -188),
(782, 2, '2020-04-04', '10:00', -188),
(783, 2, '2020-04-04', '09:00', -187),
(784, 2, '2020-04-04', '08:00', -187),
(785, 2, '2020-04-04', '07:00', -187),
(786, 2, '2020-04-04', '06:00', -186),
(787, 2, '2020-04-04', '05:00', -186),
(788, 2, '2020-04-04', '04:00', -185),
(789, 2, '2020-04-04', '03:00', -185),
(790, 2, '2020-04-04', '02:00', -185),
(791, 2, '2020-04-04', '01:00', -184),
(792, 2, '2020-04-04', '00:00', -184),
(793, 2, '2020-04-03', '23:00', -184),
(794, 2, '2020-04-03', '22:00', -184),
(795, 2, '2020-04-03', '21:00', -183),
(796, 2, '2020-04-03', '20:00', -183),
(797, 2, '2020-04-03', '19:00', -183),
(798, 2, '2020-04-03', '18:00', -182),
(799, 2, '2020-04-03', '17:00', -182),
(800, 2, '2020-04-03', '16:00', -182);
INSERT INTO meres VALUES
(801, 2, '2020-04-03', '15:00', -181),
(802, 2, '2020-04-03', '14:00', -181),
(803, 2, '2020-04-03', '13:00', -181),
(804, 2, '2020-04-03', '12:00', -181),
(805, 2, '2020-04-03', '11:00', -181),
(806, 2, '2020-04-03', '10:00', -180),
(807, 2, '2020-04-03', '09:00', -180),
(808, 2, '2020-04-03', '08:00', -180),
(809, 2, '2020-04-03', '07:00', -181),
(810, 2, '2020-04-03', '06:00', -179),
(811, 2, '2020-04-03', '05:00', -178),
(812, 2, '2020-04-03', '04:00', -178),
(813, 2, '2020-04-03', '03:00', -177),
(814, 2, '2020-04-03', '02:00', -177),
(815, 2, '2020-04-03', '01:00', -176),
(816, 2, '2020-04-03', '00:00', -176),
(817, 2, '2020-04-02', '23:00', -175),
(818, 2, '2020-04-02', '22:00', -175),
(819, 2, '2020-04-02', '21:00', -174),
(820, 2, '2020-04-02', '20:00', -174),
(821, 2, '2020-04-02', '19:00', -173),
(822, 2, '2020-04-02', '18:00', -173),
(823, 2, '2020-04-02', '17:00', -173),
(824, 2, '2020-04-02', '16:00', -172),
(825, 2, '2020-04-02', '15:00', -172),
(826, 2, '2020-04-02', '14:00', -172),
(827, 2, '2020-04-02', '13:00', -171),
(828, 2, '2020-04-02', '12:00', -171),
(829, 2, '2020-04-02', '11:00', -171),
(830, 2, '2020-04-02', '10:00', -171),
(831, 2, '2020-04-02', '09:00', -171),
(832, 2, '2020-04-02', '08:00', -170),
(833, 2, '2020-04-02', '07:00', -172),
(834, 2, '2020-04-02', '06:00', -170),
(835, 2, '2020-04-02', '05:00', -169),
(836, 2, '2020-04-02', '04:00', -169),
(837, 2, '2020-04-02', '03:00', -168),
(838, 2, '2020-04-02', '02:00', -168),
(839, 2, '2020-04-02', '01:00', -168),
(840, 2, '2020-04-02', '00:00', -167),
(841, 2, '2020-04-01', '23:00', -167),
(842, 2, '2020-04-01', '22:00', -166),
(843, 2, '2020-04-01', '21:00', -166),
(844, 2, '2020-04-01', '20:00', -166),
(845, 2, '2020-04-01', '19:00', -166),
(846, 2, '2020-04-01', '18:00', -166),
(847, 2, '2020-04-01', '17:00', -165),
(848, 2, '2020-04-01', '16:00', -165),
(849, 2, '2020-04-01', '15:00', -165),
(850, 2, '2020-04-01', '14:00', -164),
(851, 2, '2020-04-01', '13:00', -165),
(852, 2, '2020-04-01', '12:00', -165),
(853, 2, '2020-04-01', '11:00', -164),
(854, 2, '2020-04-01', '10:00', -165),
(855, 2, '2020-04-01', '09:00', -164),
(856, 2, '2020-04-01', '08:00', -165),
(857, 2, '2020-04-01', '07:00', -166),
(858, 2, '2020-04-01', '06:00', -164),
(859, 2, '2020-04-01', '05:00', -164),
(860, 2, '2020-04-01', '04:00', -164),
(861, 2, '2020-04-01', '03:00', -164),
(862, 2, '2020-04-01', '02:00', -164),
(863, 2, '2020-04-01', '01:00', -164),
(864, 2, '2020-04-01', '00:00', -164),
(865, 2, '2020-03-31', '23:00', -164),
(866, 2, '2020-03-31', '22:00', -164),
(867, 2, '2020-03-31', '21:00', -164),
(868, 2, '2020-03-31', '20:00', -164),
(869, 2, '2020-03-31', '19:00', -164),
(870, 2, '2020-03-31', '18:00', -164),
(871, 2, '2020-03-31', '17:00', -164),
(872, 2, '2020-03-31', '16:00', -163),
(873, 2, '2020-03-31', '15:00', -163),
(874, 2, '2020-03-31', '14:00', -163),
(875, 2, '2020-03-31', '13:00', -162),
(876, 2, '2020-03-31', '12:00', -162),
(877, 2, '2020-03-31', '11:00', -162),
(878, 2, '2020-03-31', '10:00', -162),
(879, 2, '2020-03-31', '09:00', -161),
(880, 2, '2020-03-31', '08:00', -161),
(881, 2, '2020-03-31', '07:00', -162),
(882, 2, '2020-03-31', '06:00', -160),
(883, 2, '2020-03-31', '05:00', -160),
(884, 2, '2020-03-31', '04:00', -160),
(885, 2, '2020-03-31', '03:00', -160),
(886, 2, '2020-03-31', '02:00', -159),
(887, 2, '2020-03-31', '01:00', -159),
(888, 2, '2020-03-31', '00:00', -159),
(889, 2, '2020-03-30', '23:00', -159),
(890, 2, '2020-03-30', '22:00', -159),
(891, 2, '2020-03-30', '21:00', -159),
(892, 2, '2020-03-30', '20:00', -159),
(893, 2, '2020-03-30', '19:00', -159),
(894, 2, '2020-03-30', '18:00', -159),
(895, 2, '2020-03-30', '17:00', -159),
(896, 2, '2020-03-30', '16:00', -159),
(897, 2, '2020-03-30', '15:00', -159),
(898, 2, '2020-03-30', '14:00', -159),
(899, 2, '2020-03-30', '13:00', -159),
(900, 2, '2020-03-30', '12:00', -158);
INSERT INTO meres VALUES
(901, 2, '2020-03-30', '11:00', -158),
(902, 2, '2020-03-30', '10:00', -158),
(903, 2, '2020-03-30', '09:00', -158),
(904, 2, '2020-03-30', '08:00', -158),
(905, 2, '2020-03-30', '07:00', -159),
(906, 2, '2020-03-30', '06:00', -157),
(907, 2, '2020-03-30', '05:00', -157),
(908, 2, '2020-03-30', '04:00', -157),
(909, 2, '2020-03-30', '03:00', -156),
(910, 2, '2020-03-30', '02:00', -156),
(911, 2, '2020-03-30', '01:00', -156),
(912, 2, '2020-03-30', '00:00', -156),
(913, 2, '2020-03-29', '23:00', -156),
(914, 2, '2020-03-29', '22:00', -155),
(915, 2, '2020-03-29', '21:00', -155),
(916, 2, '2020-03-29', '20:00', -155),
(917, 2, '2020-03-29', '19:00', -155),
(918, 2, '2020-03-29', '18:00', -155),
(919, 2, '2020-03-29', '17:00', -155),
(920, 2, '2020-03-29', '16:00', -155),
(921, 2, '2020-03-29', '15:00', -155),
(922, 2, '2020-03-29', '14:00', -155),
(923, 2, '2020-03-29', '13:00', -155),
(924, 2, '2020-03-29', '12:00', -154),
(925, 2, '2020-03-29', '11:00', -154),
(926, 2, '2020-03-29', '10:00', -154),
(927, 2, '2020-03-29', '09:00', -154),
(928, 2, '2020-03-29', '08:00', -153),
(929, 2, '2020-03-29', '07:00', -155),
(930, 2, '2020-03-29', '06:00', -153),
(931, 2, '2020-03-29', '05:00', -153),
(932, 2, '2020-03-29', '04:00', -152),
(933, 2, '2020-03-29', '03:00', -152),
(934, 2, '2020-03-29', '03:00', -152),
(935, 2, '2020-03-29', '01:00', -151),
(936, 2, '2020-03-29', '00:00', -151),
(937, 2, '2020-03-28', '23:00', -150),
(938, 2, '2020-03-28', '22:00', -150),
(939, 2, '2020-03-28', '21:00', -150),
(940, 2, '2020-03-28', '20:00', -149),
(941, 2, '2020-03-28', '19:00', -149),
(942, 2, '2020-03-28', '18:00', -148),
(943, 2, '2020-03-28', '17:00', -148),
(944, 2, '2020-03-28', '16:00', -147),
(945, 2, '2020-03-28', '15:00', -147),
(946, 2, '2020-03-28', '14:00', -147),
(947, 2, '2020-03-28', '13:00', -146),
(948, 2, '2020-03-28', '12:00', -146),
(949, 2, '2020-03-28', '11:00', -146),
(950, 2, '2020-03-28', '10:00', -146),
(951, 2, '2020-03-28', '09:00', -145),
(952, 2, '2020-03-28', '08:00', -145),
(953, 2, '2020-03-28', '07:00', -146),
(954, 2, '2020-03-28', '06:00', -144),
(955, 2, '2020-03-28', '05:00', -143),
(956, 2, '2020-03-28', '04:00', -143),
(957, 2, '2020-03-28', '03:00', -142),
(958, 2, '2020-03-28', '02:00', -142),
(959, 2, '2020-03-28', '01:00', -141),
(960, 2, '2020-03-28', '00:00', -140),
(961, 3, '2020-04-16', '22:00', 469),
(962, 3, '2020-04-16', '20:00', 469),
(963, 3, '2020-04-16', '19:00', 469),
(964, 3, '2020-04-16', '18:00', 469),
(965, 3, '2020-04-16', '17:00', 468),
(966, 3, '2020-04-16', '13:00', 468),
(967, 3, '2020-04-16', '12:00', 468),
(968, 3, '2020-04-16', '11:00', 468),
(969, 3, '2020-04-16', '10:00', 468),
(970, 3, '2020-04-16', '08:00', 468),
(971, 3, '2020-04-16', '07:00', 468),
(972, 3, '2020-04-16', '06:00', 468),
(973, 3, '2020-04-16', '05:00', 468),
(974, 3, '2020-04-16', '04:00', 468),
(975, 3, '2020-04-16', '03:00', 468),
(976, 3, '2020-04-16', '02:00', 468),
(977, 3, '2020-04-15', '23:00', 468),
(978, 3, '2020-04-15', '22:00', 468),
(979, 3, '2020-04-15', '20:00', 468),
(980, 3, '2020-04-15', '19:00', 468),
(981, 3, '2020-04-15', '18:00', 468),
(982, 3, '2020-04-15', '17:00', 468),
(983, 3, '2020-04-15', '16:00', 468),
(984, 3, '2020-04-15', '15:00', 467),
(985, 3, '2020-04-15', '14:00', 468),
(986, 3, '2020-04-15', '13:00', 467),
(987, 3, '2020-04-15', '12:00', 467),
(988, 3, '2020-04-15', '11:00', 467),
(989, 3, '2020-04-15', '10:00', 467),
(990, 3, '2020-04-15', '09:00', 467),
(991, 3, '2020-04-15', '08:00', 467),
(992, 3, '2020-04-15', '07:00', 467),
(993, 3, '2020-04-14', '21:00', 467),
(994, 3, '2020-04-14', '19:00', 467),
(995, 3, '2020-04-14', '17:00', 467),
(996, 3, '2020-04-14', '16:00', 467),
(997, 3, '2020-04-14', '15:00', 467),
(998, 3, '2020-04-14', '07:00', 467),
(999, 3, '2020-04-14', '01:00', 467),
(1000, 3, '2020-04-14', '00:00', 467);
INSERT INTO meres VALUES
(1001, 3, '2020-04-13', '22:00', 467),
(1002, 3, '2020-04-13', '21:00', 468),
(1003, 3, '2020-04-13', '19:00', 467),
(1004, 3, '2020-04-13', '18:00', 467),
(1005, 3, '2020-04-13', '17:00', 467),
(1006, 3, '2020-04-13', '12:00', 467),
(1007, 3, '2020-04-13', '11:00', 467),
(1008, 3, '2020-04-13', '10:00', 467),
(1009, 3, '2020-04-13', '08:00', 467),
(1010, 3, '2020-04-13', '07:00', 467),
(1011, 3, '2020-04-13', '06:00', 467),
(1012, 3, '2020-04-13', '05:00', 467),
(1013, 3, '2020-04-13', '04:00', 467),
(1014, 3, '2020-04-13', '03:00', 467),
(1015, 3, '2020-04-13', '01:00', 467),
(1016, 3, '2020-04-13', '00:00', 467),
(1017, 3, '2020-04-12', '23:00', 467),
(1018, 3, '2020-04-12', '22:00', 467),
(1019, 3, '2020-04-12', '21:00', 467),
(1020, 3, '2020-04-12', '20:00', 467),
(1021, 3, '2020-04-12', '19:00', 467),
(1022, 3, '2020-04-12', '11:00', 466),
(1023, 3, '2020-04-12', '10:00', 467),
(1024, 3, '2020-04-12', '08:00', 467),
(1025, 3, '2020-04-12', '07:00', 467),
(1026, 3, '2020-04-12', '06:00', 467),
(1027, 3, '2020-04-12', '05:00', 467),
(1028, 3, '2020-04-12', '04:00', 466),
(1029, 3, '2020-04-12', '03:00', 466),
(1030, 3, '2020-04-12', '02:00', 466),
(1031, 3, '2020-04-12', '01:00', 467),
(1032, 3, '2020-04-12', '00:00', 466),
(1033, 3, '2020-04-11', '23:00', 466),
(1034, 3, '2020-04-11', '22:00', 466),
(1035, 3, '2020-04-11', '21:00', 466),
(1036, 3, '2020-04-11', '20:00', 466),
(1037, 3, '2020-04-11', '19:00', 466),
(1038, 3, '2020-04-11', '18:00', 466),
(1039, 3, '2020-04-11', '11:00', 467),
(1040, 3, '2020-04-11', '10:00', 467),
(1041, 3, '2020-04-11', '08:00', 466),
(1042, 3, '2020-04-11', '07:00', 466),
(1043, 3, '2020-04-11', '06:00', 466),
(1044, 3, '2020-04-11', '00:00', 466),
(1045, 3, '2020-04-10', '22:00', 466),
(1046, 3, '2020-04-10', '19:00', 465),
(1047, 3, '2020-04-10', '18:00', 465),
(1048, 3, '2020-04-10', '13:00', 466),
(1049, 3, '2020-04-10', '12:00', 466),
(1050, 3, '2020-04-10', '11:00', 466),
(1051, 3, '2020-04-10', '10:00', 466),
(1052, 3, '2020-04-10', '08:00', 466),
(1053, 3, '2020-04-10', '07:00', 466),
(1054, 3, '2020-04-10', '04:00', 466),
(1055, 3, '2020-04-10', '03:00', 466),
(1056, 3, '2020-04-10', '02:00', 466),
(1057, 3, '2020-04-09', '22:00', 466),
(1058, 3, '2020-04-09', '21:00', 466),
(1059, 3, '2020-04-09', '19:00', 466),
(1060, 3, '2020-04-09', '10:00', 466),
(1061, 3, '2020-04-09', '09:00', 466),
(1062, 3, '2020-04-09', '08:00', 466),
(1063, 3, '2020-04-09', '07:00', 464),
(1064, 3, '2020-04-09', '06:00', 466),
(1065, 3, '2020-04-09', '05:00', 466),
(1066, 3, '2020-04-09', '04:00', 466),
(1067, 3, '2020-04-09', '03:00', 466),
(1068, 3, '2020-04-09', '02:00', 467),
(1069, 3, '2020-04-09', '01:00', 467),
(1070, 3, '2020-04-08', '19:00', 465),
(1071, 3, '2020-04-08', '10:00', 466),
(1072, 3, '2020-04-08', '09:00', 467),
(1073, 3, '2020-04-08', '08:00', 467),
(1074, 3, '2020-04-08', '07:00', 465),
(1075, 3, '2020-04-08', '06:00', 467),
(1076, 3, '2020-04-08', '05:00', 466),
(1077, 3, '2020-04-08', '04:00', 467),
(1078, 3, '2020-04-08', '03:00', 467),
(1079, 3, '2020-04-08', '02:00', 467),
(1080, 3, '2020-04-08', '01:00', 467),
(1081, 3, '2020-04-08', '00:00', 467),
(1082, 3, '2020-04-07', '23:00', 467),
(1083, 3, '2020-04-07', '22:00', 467),
(1084, 3, '2020-04-07', '21:00', 467),
(1085, 3, '2020-04-07', '20:00', 467),
(1086, 3, '2020-04-07', '19:00', 467),
(1087, 3, '2020-04-07', '16:00', 467),
(1088, 3, '2020-04-07', '10:00', 467),
(1089, 3, '2020-04-07', '09:00', 467),
(1090, 3, '2020-04-07', '08:00', 467),
(1091, 3, '2020-04-07', '07:00', 467),
(1092, 3, '2020-04-07', '06:00', 467),
(1093, 3, '2020-04-07', '05:00', 467),
(1094, 3, '2020-04-07', '04:00', 467),
(1095, 3, '2020-04-07', '03:00', 467),
(1096, 3, '2020-04-07', '02:00', 467),
(1097, 3, '2020-04-07', '01:00', 467),
(1098, 3, '2020-04-07', '00:00', 467),
(1099, 3, '2020-04-06', '23:00', 467),
(1100, 3, '2020-04-06', '22:00', 467);
INSERT INTO meres VALUES
(1101, 3, '2020-04-06', '21:00', 467),
(1102, 3, '2020-04-06', '20:00', 467),
(1103, 3, '2020-04-06', '19:00', 467),
(1104, 3, '2020-04-06', '08:00', 467),
(1105, 3, '2020-04-06', '07:00', 467),
(1106, 3, '2020-04-06', '06:00', 467),
(1107, 3, '2020-04-06', '05:00', 467),
(1108, 3, '2020-04-06', '04:00', 467),
(1109, 3, '2020-04-06', '03:00', 467),
(1110, 3, '2020-04-06', '02:00', 467),
(1111, 3, '2020-04-06', '01:00', 467),
(1112, 3, '2020-04-06', '00:00', 467),
(1113, 3, '2020-04-05', '23:00', 468),
(1114, 3, '2020-04-05', '22:00', 468),
(1115, 3, '2020-04-05', '21:00', 468),
(1116, 3, '2020-04-05', '20:00', 468),
(1117, 3, '2020-04-05', '19:00', 467),
(1118, 3, '2020-04-05', '18:00', 468),
(1119, 3, '2020-04-05', '17:00', 468),
(1120, 3, '2020-04-05', '12:00', 468),
(1121, 3, '2020-04-05', '11:00', 468),
(1122, 3, '2020-04-05', '10:00', 468),
(1123, 3, '2020-04-05', '09:00', 468),
(1124, 3, '2020-04-05', '08:00', 468),
(1125, 3, '2020-04-05', '07:00', 468),
(1126, 3, '2020-04-05', '06:00', 468),
(1127, 3, '2020-04-05', '05:00', 468),
(1128, 3, '2020-04-05', '04:00', 468),
(1129, 3, '2020-04-05', '03:00', 468),
(1130, 3, '2020-04-05', '02:00', 468),
(1131, 3, '2020-04-05', '00:00', 468),
(1132, 3, '2020-04-04', '23:00', 469),
(1133, 3, '2020-04-04', '22:00', 469),
(1134, 3, '2020-04-04', '21:00', 468),
(1135, 3, '2020-04-04', '20:00', 469),
(1136, 3, '2020-04-04', '19:00', 468),
(1137, 3, '2020-04-04', '18:00', 468),
(1138, 3, '2020-04-04', '17:00', 469),
(1139, 3, '2020-04-04', '16:00', 468),
(1140, 3, '2020-04-04', '14:00', 469),
(1141, 3, '2020-04-04', '13:00', 468),
(1142, 3, '2020-04-04', '12:00', 469),
(1143, 3, '2020-04-04', '11:00', 469),
(1144, 3, '2020-04-04', '10:00', 469),
(1145, 3, '2020-04-04', '07:00', 469),
(1146, 3, '2020-04-04', '04:00', 469),
(1147, 3, '2020-04-04', '03:00', 469),
(1148, 3, '2020-04-04', '02:00', 469),
(1149, 3, '2020-04-03', '22:00', 470),
(1150, 3, '2020-04-03', '21:00', 470),
(1151, 3, '2020-04-03', '19:00', 470),
(1152, 3, '2020-04-03', '18:00', 470),
(1153, 3, '2020-04-03', '17:00', 470),
(1154, 3, '2020-04-03', '16:00', 470),
(1155, 3, '2020-04-03', '14:00', 470),
(1156, 3, '2020-04-03', '13:00', 470),
(1157, 3, '2020-04-03', '12:00', 470),
(1158, 3, '2020-04-03', '10:00', 470),
(1159, 3, '2020-04-03', '08:00', 470),
(1160, 3, '2020-04-03', '07:00', 470),
(1161, 3, '2020-04-03', '06:00', 470),
(1162, 3, '2020-04-03', '05:00', 470),
(1163, 3, '2020-04-03', '04:00', 471),
(1164, 3, '2020-04-03', '03:00', 471),
(1165, 3, '2020-04-03', '02:00', 471),
(1166, 3, '2020-04-03', '01:00', 471),
(1167, 3, '2020-04-03', '00:00', 471),
(1168, 3, '2020-04-02', '23:00', 471),
(1169, 3, '2020-04-02', '22:00', 471),
(1170, 3, '2020-04-02', '21:00', 471),
(1171, 3, '2020-04-02', '20:00', 471),
(1172, 3, '2020-04-02', '19:00', 471),
(1173, 3, '2020-04-02', '18:00', 471),
(1174, 3, '2020-04-02', '17:00', 471),
(1175, 3, '2020-04-02', '16:00', 471),
(1176, 3, '2020-04-02', '15:00', 471),
(1177, 3, '2020-04-02', '14:00', 471),
(1178, 3, '2020-04-02', '13:00', 471),
(1179, 3, '2020-04-02', '12:00', 471),
(1180, 3, '2020-04-02', '11:00', 471),
(1181, 3, '2020-04-02', '10:00', 471),
(1182, 3, '2020-04-02', '08:00', 471),
(1183, 3, '2020-04-02', '07:00', 470),
(1184, 3, '2020-04-02', '06:00', 471),
(1185, 3, '2020-04-02', '05:00', 472),
(1186, 3, '2020-04-02', '04:00', 472),
(1187, 3, '2020-04-02', '03:00', 472),
(1188, 3, '2020-04-02', '02:00', 472),
(1189, 3, '2020-04-02', '01:00', 471),
(1190, 3, '2020-04-02', '00:00', 472),
(1191, 3, '2020-04-01', '23:00', 472),
(1192, 3, '2020-04-01', '22:00', 472),
(1193, 3, '2020-04-01', '21:00', 472),
(1194, 3, '2020-04-01', '20:00', 472),
(1195, 3, '2020-04-01', '18:00', 472),
(1196, 3, '2020-04-01', '17:00', 472),
(1197, 3, '2020-04-01', '16:00', 470),
(1198, 3, '2020-04-01', '15:00', 472),
(1199, 3, '2020-04-01', '14:00', 472),
(1200, 3, '2020-04-01', '13:00', 472);
INSERT INTO meres VALUES
(1201, 3, '2020-04-01', '12:00', 472),
(1202, 3, '2020-04-01', '11:00', 472),
(1203, 3, '2020-04-01', '10:00', 472),
(1204, 3, '2020-04-01', '08:00', 472),
(1205, 3, '2020-04-01', '07:00', 472),
(1206, 3, '2020-04-01', '06:00', 472),
(1207, 3, '2020-04-01', '05:00', 472),
(1208, 3, '2020-04-01', '04:00', 472),
(1209, 3, '2020-04-01', '03:00', 472),
(1210, 3, '2020-04-01', '02:00', 472),
(1211, 3, '2020-04-01', '01:00', 472),
(1212, 3, '2020-04-01', '00:00', 472),
(1213, 3, '2020-03-31', '23:00', 472),
(1214, 3, '2020-03-31', '22:00', 472),
(1215, 3, '2020-03-31', '21:00', 472),
(1216, 3, '2020-03-31', '20:00', 472),
(1217, 3, '2020-03-31', '19:00', 472),
(1218, 3, '2020-03-31', '17:00', 473),
(1219, 3, '2020-03-31', '16:00', 472),
(1220, 3, '2020-03-31', '15:00', 473),
(1221, 3, '2020-03-31', '14:00', 472),
(1222, 3, '2020-03-31', '13:00', 473),
(1223, 3, '2020-03-31', '12:00', 473),
(1224, 3, '2020-03-31', '11:00', 473),
(1225, 3, '2020-03-31', '08:00', 473),
(1226, 3, '2020-03-31', '07:00', 473),
(1227, 3, '2020-03-31', '06:00', 473),
(1228, 3, '2020-03-31', '05:00', 473),
(1229, 3, '2020-03-31', '04:00', 473),
(1230, 3, '2020-03-31', '03:00', 473),
(1231, 3, '2020-03-31', '02:00', 473),
(1232, 3, '2020-03-31', '01:00', 473),
(1233, 3, '2020-03-31', '00:00', 473),
(1234, 3, '2020-03-30', '23:00', 473),
(1235, 3, '2020-03-30', '22:00', 473),
(1236, 3, '2020-03-30', '21:00', 473),
(1237, 3, '2020-03-30', '20:00', 473),
(1238, 3, '2020-03-30', '19:00', 473),
(1239, 3, '2020-03-30', '17:00', 474),
(1240, 3, '2020-03-30', '16:00', 471),
(1241, 3, '2020-03-30', '14:00', 473),
(1242, 3, '2020-03-30', '13:00', 473),
(1243, 3, '2020-03-30', '08:00', 474),
(1244, 3, '2020-03-30', '07:00', 474),
(1245, 3, '2020-03-30', '06:00', 474),
(1246, 3, '2020-03-30', '00:00', 474),
(1247, 3, '2020-03-29', '18:00', 475),
(1248, 3, '2020-03-29', '17:00', 474),
(1249, 3, '2020-03-29', '16:00', 475),
(1250, 3, '2020-03-29', '15:00', 474),
(1251, 3, '2020-03-29', '11:00', 473),
(1252, 3, '2020-03-29', '10:00', 473),
(1253, 3, '2020-03-29', '07:00', 474),
(1254, 3, '2020-03-29', '06:00', 475),
(1255, 3, '2020-03-29', '05:00', 475),
(1256, 3, '2020-03-29', '04:00', 475),
(1257, 3, '2020-03-29', '01:00', 475),
(1258, 3, '2020-03-29', '00:00', 475),
(1259, 3, '2020-03-28', '23:00', 475),
(1260, 3, '2020-03-28', '22:00', 475),
(1261, 3, '2020-03-28', '21:00', 475),
(1262, 3, '2020-03-28', '16:00', 474),
(1263, 3, '2020-03-28', '10:00', 472),
(1264, 3, '2020-03-28', '07:00', 472),
(1265, 3, '2020-03-28', '05:00', 475),
(1266, 3, '2020-03-28', '01:00', 477),
(1267, 3, '2020-03-28', '00:00', 477),
(1268, 4, '2020-04-16', '23:00', -112),
(1269, 4, '2020-04-16', '22:00', -111),
(1270, 4, '2020-04-16', '21:00', -111),
(1271, 4, '2020-04-16', '20:00', -110),
(1272, 4, '2020-04-16', '19:00', -110),
(1273, 4, '2020-04-16', '18:00', -109),
(1274, 4, '2020-04-16', '17:00', -108),
(1275, 4, '2020-04-16', '16:00', -108),
(1276, 4, '2020-04-16', '15:00', -107),
(1277, 4, '2020-04-16', '14:00', -106),
(1278, 4, '2020-04-16', '13:00', -105),
(1279, 4, '2020-04-16', '12:00', -105),
(1280, 4, '2020-04-16', '11:00', -104),
(1281, 4, '2020-04-16', '10:00', -103),
(1282, 4, '2020-04-16', '09:00', -102),
(1283, 4, '2020-04-16', '08:00', -101),
(1284, 4, '2020-04-16', '07:00', -101),
(1285, 4, '2020-04-16', '06:00', -100),
(1286, 4, '2020-04-16', '05:00', -99),
(1287, 4, '2020-04-16', '04:00', -98),
(1288, 4, '2020-04-16', '03:00', -98),
(1289, 4, '2020-04-16', '02:00', -97),
(1290, 4, '2020-04-16', '01:00', -96),
(1291, 4, '2020-04-16', '00:00', -96),
(1292, 4, '2020-04-15', '23:00', -95),
(1293, 4, '2020-04-15', '22:00', -95),
(1294, 4, '2020-04-15', '21:00', -94),
(1295, 4, '2020-04-15', '20:00', -94),
(1296, 4, '2020-04-15', '19:00', -94),
(1297, 4, '2020-04-15', '18:00', -93),
(1298, 4, '2020-04-15', '17:00', -93),
(1299, 4, '2020-04-15', '16:00', -92),
(1300, 4, '2020-04-15', '15:00', -91);
INSERT INTO meres VALUES
(1301, 4, '2020-04-15', '14:00', -90),
(1302, 4, '2020-04-15', '13:00', -90),
(1303, 4, '2020-04-15', '12:00', -90),
(1304, 4, '2020-04-15', '11:00', -90),
(1305, 4, '2020-04-15', '10:00', -90),
(1306, 4, '2020-04-15', '09:00', -91),
(1307, 4, '2020-04-15', '08:00', -91),
(1308, 4, '2020-04-15', '07:00', -91),
(1309, 4, '2020-04-15', '06:00', -91),
(1310, 4, '2020-04-15', '05:00', -92),
(1311, 4, '2020-04-15', '04:00', -92),
(1312, 4, '2020-04-15', '03:00', -93),
(1313, 4, '2020-04-15', '02:00', -94),
(1314, 4, '2020-04-15', '01:00', -95),
(1315, 4, '2020-04-15', '00:00', -96),
(1316, 4, '2020-04-14', '23:00', -98),
(1317, 4, '2020-04-14', '22:00', -100),
(1318, 4, '2020-04-14', '21:00', -103),
(1319, 4, '2020-04-14', '20:00', -105),
(1320, 4, '2020-04-14', '19:00', -108),
(1321, 4, '2020-04-14', '18:00', -110),
(1322, 4, '2020-04-14', '17:00', -112),
(1323, 4, '2020-04-14', '16:00', -113),
(1324, 4, '2020-04-14', '15:00', -115),
(1325, 4, '2020-04-14', '14:00', -115),
(1326, 4, '2020-04-14', '13:00', -115),
(1327, 4, '2020-04-14', '12:00', -115),
(1328, 4, '2020-04-14', '11:00', -115),
(1329, 4, '2020-04-14', '10:00', -115),
(1330, 4, '2020-04-14', '09:00', -115),
(1331, 4, '2020-04-14', '08:00', -115),
(1332, 4, '2020-04-14', '07:00', -116),
(1333, 4, '2020-04-14', '06:00', -116),
(1334, 4, '2020-04-14', '05:00', -116),
(1335, 4, '2020-04-14', '04:00', -116),
(1336, 4, '2020-04-14', '03:00', -116),
(1337, 4, '2020-04-14', '02:00', -117),
(1338, 4, '2020-04-14', '01:00', -117),
(1339, 4, '2020-04-14', '00:00', -117),
(1340, 4, '2020-04-13', '23:00', -117),
(1341, 4, '2020-04-13', '22:00', -117),
(1342, 4, '2020-04-13', '21:00', -118),
(1343, 4, '2020-04-13', '20:00', -118),
(1344, 4, '2020-04-13', '19:00', -118),
(1345, 4, '2020-04-13', '18:00', -118),
(1346, 4, '2020-04-13', '17:00', -118),
(1347, 4, '2020-04-13', '16:00', -119),
(1348, 4, '2020-04-13', '15:00', -118),
(1349, 4, '2020-04-13', '14:00', -119),
(1350, 4, '2020-04-13', '13:00', -119),
(1351, 4, '2020-04-13', '12:00', -118),
(1352, 4, '2020-04-13', '11:00', -118),
(1353, 4, '2020-04-13', '10:00', -118),
(1354, 4, '2020-04-13', '09:00', -118),
(1355, 4, '2020-04-13', '08:00', -118),
(1356, 4, '2020-04-13', '07:00', -118),
(1357, 4, '2020-04-13', '06:00', -118),
(1358, 4, '2020-04-13', '05:00', -118),
(1359, 4, '2020-04-13', '04:00', -118),
(1360, 4, '2020-04-13', '03:00', -119),
(1361, 4, '2020-04-13', '02:00', -119),
(1362, 4, '2020-04-13', '01:00', -119),
(1363, 4, '2020-04-13', '00:00', -119),
(1364, 4, '2020-04-12', '23:00', -119),
(1365, 4, '2020-04-12', '22:00', -119),
(1366, 4, '2020-04-12', '21:00', -119),
(1367, 4, '2020-04-12', '20:00', -119),
(1368, 4, '2020-04-12', '19:00', -119),
(1369, 4, '2020-04-12', '18:00', -119),
(1370, 4, '2020-04-12', '17:00', -119),
(1371, 4, '2020-04-12', '16:00', -119),
(1372, 4, '2020-04-12', '15:00', -119),
(1373, 4, '2020-04-12', '14:00', -119),
(1374, 4, '2020-04-12', '13:00', -119),
(1375, 4, '2020-04-12', '12:00', -119),
(1376, 4, '2020-04-12', '11:00', -119),
(1377, 4, '2020-04-12', '10:00', -118),
(1378, 4, '2020-04-12', '09:00', -118),
(1379, 4, '2020-04-12', '08:00', -118),
(1380, 4, '2020-04-12', '07:00', -118),
(1381, 4, '2020-04-12', '06:00', -117),
(1382, 4, '2020-04-12', '05:00', -117),
(1383, 4, '2020-04-12', '04:00', -117),
(1384, 4, '2020-04-12', '03:00', -116),
(1385, 4, '2020-04-12', '02:00', -116),
(1386, 4, '2020-04-12', '01:00', -116),
(1387, 4, '2020-04-12', '00:00', -115),
(1388, 4, '2020-04-11', '23:00', -115),
(1389, 4, '2020-04-11', '22:00', -114),
(1390, 4, '2020-04-11', '21:00', -114),
(1391, 4, '2020-04-11', '20:00', -114),
(1392, 4, '2020-04-11', '19:00', -113),
(1393, 4, '2020-04-11', '18:00', -113),
(1394, 4, '2020-04-11', '17:00', -112),
(1395, 4, '2020-04-11', '16:00', -112),
(1396, 4, '2020-04-11', '15:00', -111),
(1397, 4, '2020-04-11', '14:00', -110),
(1398, 4, '2020-04-11', '13:00', -110),
(1399, 4, '2020-04-11', '12:00', -109),
(1400, 4, '2020-04-11', '11:00', -109);
INSERT INTO meres VALUES
(1401, 4, '2020-04-11', '10:00', -108),
(1402, 4, '2020-04-11', '09:00', -108),
(1403, 4, '2020-04-11', '08:00', -107),
(1404, 4, '2020-04-11', '07:00', -107),
(1405, 4, '2020-04-11', '06:00', -106),
(1406, 4, '2020-04-11', '05:00', -106),
(1407, 4, '2020-04-11', '04:00', -105),
(1408, 4, '2020-04-11', '03:00', -105),
(1409, 4, '2020-04-11', '02:00', -104),
(1410, 4, '2020-04-11', '01:00', -104),
(1411, 4, '2020-04-11', '00:00', -104),
(1412, 4, '2020-04-10', '23:00', -103),
(1413, 4, '2020-04-10', '22:00', -103),
(1414, 4, '2020-04-10', '21:00', -103),
(1415, 4, '2020-04-10', '20:00', -102),
(1416, 4, '2020-04-10', '19:00', -102),
(1417, 4, '2020-04-10', '18:00', -101),
(1418, 4, '2020-04-10', '17:00', -101),
(1419, 4, '2020-04-10', '16:00', -101),
(1420, 4, '2020-04-10', '15:00', -101),
(1421, 4, '2020-04-10', '14:00', -100),
(1422, 4, '2020-04-10', '13:00', -100),
(1423, 4, '2020-04-10', '12:00', -100),
(1424, 4, '2020-04-10', '11:00', -100),
(1425, 4, '2020-04-10', '10:00', -99),
(1426, 4, '2020-04-10', '09:00', -99),
(1427, 4, '2020-04-10', '08:00', -99),
(1428, 4, '2020-04-10', '07:00', -98),
(1429, 4, '2020-04-10', '06:00', -98),
(1430, 4, '2020-04-10', '05:00', -98),
(1431, 4, '2020-04-10', '04:00', -98),
(1432, 4, '2020-04-10', '03:00', -98),
(1433, 4, '2020-04-10', '02:00', -98),
(1434, 4, '2020-04-10', '01:00', -98),
(1435, 4, '2020-04-10', '00:00', -98),
(1436, 4, '2020-04-09', '23:00', -98),
(1437, 4, '2020-04-09', '22:00', -98),
(1438, 4, '2020-04-09', '21:00', -98),
(1439, 4, '2020-04-09', '20:00', -98),
(1440, 4, '2020-04-09', '19:00', -98),
(1441, 4, '2020-04-09', '18:00', -98),
(1442, 4, '2020-04-09', '17:00', -97),
(1443, 4, '2020-04-09', '16:00', -97),
(1444, 4, '2020-04-09', '15:00', -97),
(1445, 4, '2020-04-09', '14:00', -96),
(1446, 4, '2020-04-09', '13:00', -96),
(1447, 4, '2020-04-09', '12:00', -96),
(1448, 4, '2020-04-09', '11:00', -95),
(1449, 4, '2020-04-09', '10:00', -95),
(1450, 4, '2020-04-09', '09:00', -95),
(1451, 4, '2020-04-09', '08:00', -94),
(1452, 4, '2020-04-09', '07:00', -94),
(1453, 4, '2020-04-09', '06:00', -94),
(1454, 4, '2020-04-09', '05:00', -93),
(1455, 4, '2020-04-09', '04:00', -93),
(1456, 4, '2020-04-09', '03:00', -93),
(1457, 4, '2020-04-09', '02:00', -92),
(1458, 4, '2020-04-09', '01:00', -92),
(1459, 4, '2020-04-09', '00:00', -91),
(1460, 4, '2020-04-08', '23:00', -91),
(1461, 4, '2020-04-08', '22:00', -91),
(1462, 4, '2020-04-08', '21:00', -90),
(1463, 4, '2020-04-08', '20:00', -89),
(1464, 4, '2020-04-08', '19:00', -89),
(1465, 4, '2020-04-08', '18:00', -88),
(1466, 4, '2020-04-08', '17:00', -88),
(1467, 4, '2020-04-08', '16:00', -87),
(1468, 4, '2020-04-08', '15:00', -86),
(1469, 4, '2020-04-08', '14:00', -85),
(1470, 4, '2020-04-08', '13:00', -84),
(1471, 4, '2020-04-08', '12:00', -83),
(1472, 4, '2020-04-08', '11:00', -82),
(1473, 4, '2020-04-08', '10:00', -81),
(1474, 4, '2020-04-08', '09:00', -80),
(1475, 4, '2020-04-08', '08:00', -80),
(1476, 4, '2020-04-08', '07:00', -79),
(1477, 4, '2020-04-08', '06:00', -78),
(1478, 4, '2020-04-08', '05:00', -77),
(1479, 4, '2020-04-08', '04:00', -77),
(1480, 4, '2020-04-08', '03:00', -76),
(1481, 4, '2020-04-08', '02:00', -75),
(1482, 4, '2020-04-08', '01:00', -74),
(1483, 4, '2020-04-08', '00:00', -73),
(1484, 4, '2020-04-07', '23:00', -72),
(1485, 4, '2020-04-07', '22:00', -71),
(1486, 4, '2020-04-07', '21:00', -70),
(1487, 4, '2020-04-07', '20:00', -69),
(1488, 4, '2020-04-07', '19:00', -68),
(1489, 4, '2020-04-07', '18:00', -66),
(1490, 4, '2020-04-07', '17:00', -65),
(1491, 4, '2020-04-07', '16:00', -64),
(1492, 4, '2020-04-07', '15:00', -62),
(1493, 4, '2020-04-07', '14:00', -60),
(1494, 4, '2020-04-07', '13:00', -58),
(1495, 4, '2020-04-07', '12:00', -56),
(1496, 4, '2020-04-07', '11:00', -54),
(1497, 4, '2020-04-07', '10:00', -52),
(1498, 4, '2020-04-07', '09:00', -50),
(1499, 4, '2020-04-07', '08:00', -49),
(1500, 4, '2020-04-07', '07:00', -47);
INSERT INTO meres VALUES
(1501, 4, '2020-04-07', '06:00', -44),
(1502, 4, '2020-04-07', '05:00', -43),
(1503, 4, '2020-04-07', '04:00', -40),
(1504, 4, '2020-04-07', '03:00', -38),
(1505, 4, '2020-04-07', '02:00', -36),
(1506, 4, '2020-04-07', '01:00', -34),
(1507, 4, '2020-04-07', '00:00', -32),
(1508, 4, '2020-04-06', '23:00', -29),
(1509, 4, '2020-04-06', '22:00', -27),
(1510, 4, '2020-04-06', '21:00', -24),
(1511, 4, '2020-04-06', '20:00', -22),
(1512, 4, '2020-04-06', '19:00', -20),
(1513, 4, '2020-04-06', '18:00', -18),
(1514, 4, '2020-04-06', '17:00', -16),
(1515, 4, '2020-04-06', '16:00', -14),
(1516, 4, '2020-04-06', '15:00', -13),
(1517, 4, '2020-04-06', '14:00', -12),
(1518, 4, '2020-04-06', '13:00', -12),
(1519, 4, '2020-04-06', '12:00', -11),
(1520, 4, '2020-04-06', '11:00', -11),
(1521, 4, '2020-04-06', '10:00', -10),
(1522, 4, '2020-04-06', '09:00', -10),
(1523, 4, '2020-04-06', '08:00', -9),
(1524, 4, '2020-04-06', '07:00', -8),
(1525, 4, '2020-04-06', '06:00', -8),
(1526, 4, '2020-04-06', '05:00', -7),
(1527, 4, '2020-04-06', '04:00', -6),
(1528, 4, '2020-04-06', '03:00', -6),
(1529, 4, '2020-04-06', '02:00', -5),
(1530, 4, '2020-04-06', '01:00', -5),
(1531, 4, '2020-04-06', '00:00', -5),
(1532, 4, '2020-04-05', '23:00', -5),
(1533, 4, '2020-04-05', '22:00', -5),
(1534, 4, '2020-04-05', '21:00', -6),
(1535, 4, '2020-04-05', '20:00', -6),
(1536, 4, '2020-04-05', '19:00', -6),
(1537, 4, '2020-04-05', '18:00', -6),
(1538, 4, '2020-04-05', '17:00', -6),
(1539, 4, '2020-04-05', '16:00', -7),
(1540, 4, '2020-04-05', '15:00', -7),
(1541, 4, '2020-04-05', '14:00', -7),
(1542, 4, '2020-04-05', '13:00', -7),
(1543, 4, '2020-04-05', '12:00', -7),
(1544, 4, '2020-04-05', '11:00', -7),
(1545, 4, '2020-04-05', '10:00', -7),
(1546, 4, '2020-04-05', '09:00', -7),
(1547, 4, '2020-04-05', '08:00', -8),
(1548, 4, '2020-04-05', '07:00', -7),
(1549, 4, '2020-04-05', '06:00', -8),
(1550, 4, '2020-04-05', '05:00', -8),
(1551, 4, '2020-04-05', '04:00', -8),
(1552, 4, '2020-04-05', '03:00', -8),
(1553, 4, '2020-04-05', '02:00', -9),
(1554, 4, '2020-04-05', '01:00', -9),
(1555, 4, '2020-04-05', '00:00', -9),
(1556, 4, '2020-04-04', '23:00', -9),
(1557, 4, '2020-04-04', '22:00', -10),
(1558, 4, '2020-04-04', '21:00', -10),
(1559, 4, '2020-04-04', '20:00', -11),
(1560, 4, '2020-04-04', '19:00', -11),
(1561, 4, '2020-04-04', '18:00', -11),
(1562, 4, '2020-04-04', '17:00', -12),
(1563, 4, '2020-04-04', '16:00', -12),
(1564, 4, '2020-04-04', '15:00', -12),
(1565, 4, '2020-04-04', '14:00', -13),
(1566, 4, '2020-04-04', '13:00', -13),
(1567, 4, '2020-04-04', '12:00', -14),
(1568, 4, '2020-04-04', '11:00', -14),
(1569, 4, '2020-04-04', '10:00', -15),
(1570, 4, '2020-04-04', '09:00', -16),
(1571, 4, '2020-04-04', '08:00', -17),
(1572, 4, '2020-04-04', '07:00', -18),
(1573, 4, '2020-04-04', '06:00', -19),
(1574, 4, '2020-04-04', '05:00', -20),
(1575, 4, '2020-04-04', '04:00', -21),
(1576, 4, '2020-04-04', '03:00', -22),
(1577, 4, '2020-04-04', '02:00', -24),
(1578, 4, '2020-04-04', '01:00', -26),
(1579, 4, '2020-04-04', '00:00', -27),
(1580, 4, '2020-04-03', '23:00', -29),
(1581, 4, '2020-04-03', '22:00', -30),
(1582, 4, '2020-04-03', '21:00', -31),
(1583, 4, '2020-04-03', '20:00', -32),
(1584, 4, '2020-04-03', '19:00', -33),
(1585, 4, '2020-04-03', '18:00', -34),
(1586, 4, '2020-04-03', '17:00', -34),
(1587, 4, '2020-04-03', '16:00', -34),
(1588, 4, '2020-04-03', '15:00', -33),
(1589, 4, '2020-04-03', '14:00', -32),
(1590, 4, '2020-04-03', '13:00', -31),
(1591, 4, '2020-04-03', '12:00', -29),
(1592, 4, '2020-04-03', '11:00', -29),
(1593, 4, '2020-04-03', '10:00', -29),
(1594, 4, '2020-04-03', '09:00', -28),
(1595, 4, '2020-04-03', '08:00', -28),
(1596, 4, '2020-04-03', '07:00', -28),
(1597, 4, '2020-04-03', '06:00', -28),
(1598, 4, '2020-04-03', '05:00', -28),
(1599, 4, '2020-04-03', '04:00', -28),
(1600, 4, '2020-04-03', '03:00', -27);
INSERT INTO meres VALUES
(1601, 4, '2020-04-03', '02:00', -27),
(1602, 4, '2020-04-03', '01:00', -26),
(1603, 4, '2020-04-03', '00:00', -26),
(1604, 4, '2020-04-02', '23:00', -25),
(1605, 4, '2020-04-02', '22:00', -24),
(1606, 4, '2020-04-02', '21:00', -24),
(1607, 4, '2020-04-02', '20:00', -23),
(1608, 4, '2020-04-02', '19:00', -22),
(1609, 4, '2020-04-02', '18:00', -21),
(1610, 4, '2020-04-02', '17:00', -20),
(1611, 4, '2020-04-02', '16:00', -19),
(1612, 4, '2020-04-02', '15:00', -17),
(1613, 4, '2020-04-02', '14:00', -15),
(1614, 4, '2020-04-02', '13:00', -13),
(1615, 4, '2020-04-02', '12:00', -11),
(1616, 4, '2020-04-02', '11:00', -10),
(1617, 4, '2020-04-02', '10:00', -9),
(1618, 4, '2020-04-02', '09:00', -9),
(1619, 4, '2020-04-02', '08:00', -9),
(1620, 4, '2020-04-02', '07:00', -8),
(1621, 4, '2020-04-02', '06:00', -8),
(1622, 4, '2020-04-02', '05:00', -8),
(1623, 4, '2020-04-02', '04:00', -8),
(1624, 4, '2020-04-02', '03:00', -8),
(1625, 4, '2020-04-02', '02:00', -9),
(1626, 4, '2020-04-02', '01:00', -10),
(1627, 4, '2020-04-02', '00:00', -11),
(1628, 4, '2020-04-01', '23:00', -12),
(1629, 4, '2020-04-01', '22:00', -14),
(1630, 4, '2020-04-01', '21:00', -15),
(1631, 4, '2020-04-01', '20:00', -16),
(1632, 4, '2020-04-01', '19:00', -17),
(1633, 4, '2020-04-01', '18:00', -18),
(1634, 4, '2020-04-01', '17:00', -18),
(1635, 4, '2020-04-01', '16:00', -18),
(1636, 4, '2020-04-01', '15:00', -18),
(1637, 4, '2020-04-01', '14:00', -16),
(1638, 4, '2020-04-01', '13:00', -15),
(1639, 4, '2020-04-01', '12:00', -12),
(1640, 4, '2020-04-01', '11:00', -11),
(1641, 4, '2020-04-01', '10:00', -10),
(1642, 4, '2020-04-01', '09:00', -9),
(1643, 4, '2020-04-01', '08:00', -8),
(1644, 4, '2020-04-01', '07:00', -7),
(1645, 4, '2020-04-01', '06:00', -6),
(1646, 4, '2020-04-01', '05:00', -5),
(1647, 4, '2020-04-01', '04:00', -4),
(1648, 4, '2020-04-01', '03:00', -3),
(1649, 4, '2020-04-01', '02:00', -2),
(1650, 4, '2020-04-01', '01:00', 0),
(1651, 4, '2020-04-01', '00:00', 1),
(1652, 4, '2020-03-31', '23:00', 2),
(1653, 4, '2020-03-31', '22:00', 3),
(1654, 4, '2020-03-31', '21:00', 5),
(1655, 4, '2020-03-31', '20:00', 6),
(1656, 4, '2020-03-31', '19:00', 8),
(1657, 4, '2020-03-31', '18:00', 10),
(1658, 4, '2020-03-31', '17:00', 12),
(1659, 4, '2020-03-31', '16:00', 15),
(1660, 4, '2020-03-31', '15:00', 17),
(1661, 4, '2020-03-31', '14:00', 19),
(1662, 4, '2020-03-31', '13:00', 22),
(1663, 4, '2020-03-31', '12:00', 23),
(1664, 4, '2020-03-31', '11:00', 25),
(1665, 4, '2020-03-31', '10:00', 27),
(1666, 4, '2020-03-31', '09:00', 29),
(1667, 4, '2020-03-31', '08:00', 30),
(1668, 4, '2020-03-31', '07:00', 30),
(1669, 4, '2020-03-31', '06:00', 30),
(1670, 4, '2020-03-31', '05:00', 31),
(1671, 4, '2020-03-31', '04:00', 31),
(1672, 4, '2020-03-31', '03:00', 32),
(1673, 4, '2020-03-31', '02:00', 32),
(1674, 4, '2020-03-31', '01:00', 32),
(1675, 4, '2020-03-31', '00:00', 32),
(1676, 4, '2020-03-30', '23:00', 32),
(1677, 4, '2020-03-30', '22:00', 32),
(1678, 4, '2020-03-30', '21:00', 32),
(1679, 4, '2020-03-30', '20:00', 31),
(1680, 4, '2020-03-30', '19:00', 31),
(1681, 4, '2020-03-30', '18:00', 31),
(1682, 4, '2020-03-30', '17:00', 31),
(1683, 4, '2020-03-30', '16:00', 31),
(1684, 4, '2020-03-30', '15:00', 31),
(1685, 4, '2020-03-30', '14:00', 31),
(1686, 4, '2020-03-30', '13:00', 32),
(1687, 4, '2020-03-30', '12:00', 32),
(1688, 4, '2020-03-30', '11:00', 33),
(1689, 4, '2020-03-30', '10:00', 33),
(1690, 4, '2020-03-30', '09:00', 34),
(1691, 4, '2020-03-30', '08:00', 35),
(1692, 4, '2020-03-30', '07:00', 37),
(1693, 4, '2020-03-30', '06:00', 39),
(1694, 4, '2020-03-30', '05:00', 41),
(1695, 4, '2020-03-30', '04:00', 43),
(1696, 4, '2020-03-30', '03:00', 44),
(1697, 4, '2020-03-30', '02:00', 46),
(1698, 4, '2020-03-30', '01:00', 48),
(1699, 4, '2020-03-30', '00:00', 50),
(1700, 4, '2020-03-29', '23:00', 51);
INSERT INTO meres VALUES
(1701, 4, '2020-03-29', '22:00', 52),
(1702, 4, '2020-03-29', '21:00', 54),
(1703, 4, '2020-03-29', '20:00', 55),
(1704, 4, '2020-03-29', '19:00', 56),
(1705, 4, '2020-03-29', '18:00', 57),
(1706, 4, '2020-03-29', '17:00', 58),
(1707, 4, '2020-03-29', '16:00', 59),
(1708, 4, '2020-03-29', '15:00', 60),
(1709, 4, '2020-03-29', '14:00', 61),
(1710, 4, '2020-03-29', '13:00', 62),
(1711, 4, '2020-03-29', '12:00', 64),
(1712, 4, '2020-03-29', '11:00', 65),
(1713, 4, '2020-03-29', '10:00', 66),
(1714, 4, '2020-03-29', '09:00', 67),
(1715, 4, '2020-03-29', '08:00', 68),
(1716, 4, '2020-03-29', '07:00', 68),
(1717, 4, '2020-03-29', '03:00', 71),
(1718, 4, '2020-03-29', '01:00', 72),
(1719, 4, '2020-03-29', '00:00', 73),
(1720, 4, '2020-03-28', '23:00', 73),
(1721, 4, '2020-03-28', '22:00', 74),
(1722, 4, '2020-03-28', '21:00', 74),
(1723, 4, '2020-03-28', '20:00', 75),
(1724, 4, '2020-03-28', '19:00', 75),
(1725, 4, '2020-03-28', '18:00', 75),
(1726, 4, '2020-03-28', '17:00', 76),
(1727, 4, '2020-03-28', '16:00', 76),
(1728, 4, '2020-03-28', '15:00', 76),
(1729, 4, '2020-03-28', '14:00', 77),
(1730, 4, '2020-03-28', '13:00', 77),
(1731, 4, '2020-03-28', '12:00', 78),
(1732, 4, '2020-03-28', '11:00', 78),
(1733, 4, '2020-03-28', '10:00', 79),
(1734, 4, '2020-03-28', '09:00', 80),
(1735, 4, '2020-03-28', '08:00', 80),
(1736, 4, '2020-03-28', '07:00', 81),
(1737, 4, '2020-03-28', '06:00', 82),
(1738, 4, '2020-03-28', '05:00', 83),
(1739, 4, '2020-03-28', '04:00', 83),
(1740, 4, '2020-03-28', '03:00', 84),
(1741, 4, '2020-03-28', '02:00', 85),
(1742, 4, '2020-03-28', '01:00', 85),
(1743, 4, '2020-03-28', '00:00', 86),
(1744, 5, '2020-04-16', '23:00', 122),
(1745, 5, '2020-04-16', '22:00', 123),
(1746, 5, '2020-04-16', '21:00', 122),
(1747, 5, '2020-04-16', '20:00', 123),
(1748, 5, '2020-04-16', '19:00', 123),
(1749, 5, '2020-04-16', '18:00', 123),
(1750, 5, '2020-04-16', '17:00', 123),
(1751, 5, '2020-04-16', '16:00', 123),
(1752, 5, '2020-04-16', '15:00', 123),
(1753, 5, '2020-04-16', '14:00', 123),
(1754, 5, '2020-04-16', '13:00', 123),
(1755, 5, '2020-04-16', '12:00', 123),
(1756, 5, '2020-04-16', '11:00', 123),
(1757, 5, '2020-04-16', '10:00', 123),
(1758, 5, '2020-04-16', '09:00', 123),
(1759, 5, '2020-04-16', '08:00', 123),
(1760, 5, '2020-04-16', '07:00', 123),
(1761, 5, '2020-04-16', '06:00', 123),
(1762, 5, '2020-04-16', '05:00', 123),
(1763, 5, '2020-04-16', '04:00', 123),
(1764, 5, '2020-04-16', '03:00', 123),
(1765, 5, '2020-04-16', '02:00', 123),
(1766, 5, '2020-04-16', '01:00', 123),
(1767, 5, '2020-04-16', '00:00', 124),
(1768, 5, '2020-04-15', '23:00', 124),
(1769, 5, '2020-04-15', '22:00', 124),
(1770, 5, '2020-04-15', '21:00', 124),
(1771, 5, '2020-04-15', '20:00', 123),
(1772, 5, '2020-04-15', '19:00', 123),
(1773, 5, '2020-04-15', '18:00', 123),
(1774, 5, '2020-04-15', '17:00', 123),
(1775, 5, '2020-04-15', '16:00', 123),
(1776, 5, '2020-04-15', '15:00', 123),
(1777, 5, '2020-04-15', '14:00', 123),
(1778, 5, '2020-04-15', '13:00', 469),
(1779, 5, '2020-04-15', '12:00', -224),
(1780, 5, '2020-04-15', '11:00', 122),
(1781, 5, '2020-04-15', '10:00', 122),
(1782, 5, '2020-04-15', '09:00', 122),
(1783, 5, '2020-04-15', '08:00', 122),
(1784, 5, '2020-04-15', '07:00', 122),
(1785, 5, '2020-04-15', '06:00', 121),
(1786, 5, '2020-04-15', '05:00', 121),
(1787, 5, '2020-04-15', '04:00', 121),
(1788, 5, '2020-04-15', '03:00', 121),
(1789, 5, '2020-04-15', '02:00', 121),
(1790, 5, '2020-04-15', '01:00', 120),
(1791, 5, '2020-04-15', '00:00', 120),
(1792, 5, '2020-04-14', '23:00', 121),
(1793, 5, '2020-04-14', '22:00', 120),
(1794, 5, '2020-04-14', '21:00', 120),
(1795, 5, '2020-04-14', '20:00', 120),
(1796, 5, '2020-04-14', '19:00', 120),
(1797, 5, '2020-04-14', '18:00', 120),
(1798, 5, '2020-04-14', '17:00', 120),
(1799, 5, '2020-04-14', '16:00', 120),
(1800, 5, '2020-04-14', '15:00', 120);
INSERT INTO meres VALUES
(1801, 5, '2020-04-14', '14:00', 120),
(1802, 5, '2020-04-14', '13:00', 121),
(1803, 5, '2020-04-14', '12:00', 121),
(1804, 5, '2020-04-14', '11:00', 120),
(1805, 5, '2020-04-14', '10:00', 121),
(1806, 5, '2020-04-14', '09:00', 121),
(1807, 5, '2020-04-14', '08:00', 122),
(1808, 5, '2020-04-14', '07:00', 122),
(1809, 5, '2020-04-14', '06:00', 122),
(1810, 5, '2020-04-14', '05:00', 122),
(1811, 5, '2020-04-14', '04:00', 122),
(1812, 5, '2020-04-14', '03:00', 122),
(1813, 5, '2020-04-14', '02:00', 123),
(1814, 5, '2020-04-14', '01:00', 123),
(1815, 5, '2020-04-14', '00:00', 123),
(1816, 5, '2020-04-13', '23:00', 123),
(1817, 5, '2020-04-13', '22:00', 123),
(1818, 5, '2020-04-13', '21:00', 123),
(1819, 5, '2020-04-13', '20:00', 123),
(1820, 5, '2020-04-13', '19:00', 123),
(1821, 5, '2020-04-13', '18:00', 122),
(1822, 5, '2020-04-13', '17:00', 122),
(1823, 5, '2020-04-13', '16:00', 123),
(1824, 5, '2020-04-13', '15:00', 122),
(1825, 5, '2020-04-13', '14:00', 122),
(1826, 5, '2020-04-13', '13:00', 122),
(1827, 5, '2020-04-13', '12:00', 122),
(1828, 5, '2020-04-13', '11:00', 122),
(1829, 5, '2020-04-13', '10:00', 121),
(1830, 5, '2020-04-13', '09:00', 121),
(1831, 5, '2020-04-13', '08:00', 120),
(1832, 5, '2020-04-13', '07:00', 121),
(1833, 5, '2020-04-13', '06:00', 120),
(1834, 5, '2020-04-13', '05:00', 121),
(1835, 5, '2020-04-13', '04:00', 120),
(1836, 5, '2020-04-13', '03:00', 120),
(1837, 5, '2020-04-13', '02:00', 120),
(1838, 5, '2020-04-13', '01:00', 120),
(1839, 5, '2020-04-13', '00:00', 120),
(1840, 5, '2020-04-12', '23:00', 120),
(1841, 5, '2020-04-12', '22:00', 120),
(1842, 5, '2020-04-12', '21:00', 120),
(1843, 5, '2020-04-12', '20:00', 120),
(1844, 5, '2020-04-12', '19:00', 120),
(1845, 5, '2020-04-12', '18:00', 120),
(1846, 5, '2020-04-12', '17:00', 120),
(1847, 5, '2020-04-12', '16:00', 121),
(1848, 5, '2020-04-12', '15:00', 121),
(1849, 5, '2020-04-12', '14:00', 121),
(1850, 5, '2020-04-12', '13:00', 121),
(1851, 5, '2020-04-12', '12:00', 122),
(1852, 5, '2020-04-12', '11:00', 122),
(1853, 5, '2020-04-12', '10:00', 122),
(1854, 5, '2020-04-12', '09:00', 122),
(1855, 5, '2020-04-12', '08:00', 122),
(1856, 5, '2020-04-12', '07:00', 122),
(1857, 5, '2020-04-12', '06:00', 122),
(1858, 5, '2020-04-12', '05:00', 122),
(1859, 5, '2020-04-12', '04:00', 122),
(1860, 5, '2020-04-12', '03:00', 122),
(1861, 5, '2020-04-12', '02:00', 122),
(1862, 5, '2020-04-12', '01:00', 122),
(1863, 5, '2020-04-12', '00:00', 122),
(1864, 5, '2020-04-11', '23:00', 122),
(1865, 5, '2020-04-11', '22:00', 122),
(1866, 5, '2020-04-11', '21:00', 122),
(1867, 5, '2020-04-11', '20:00', 122),
(1868, 5, '2020-04-11', '19:00', 121),
(1869, 5, '2020-04-11', '18:00', 122),
(1870, 5, '2020-04-11', '17:00', 122),
(1871, 5, '2020-04-11', '16:00', 122),
(1872, 5, '2020-04-11', '15:00', 122),
(1873, 5, '2020-04-11', '14:00', 122),
(1874, 5, '2020-04-11', '13:00', 123),
(1875, 5, '2020-04-11', '12:00', 123),
(1876, 5, '2020-04-11', '11:00', 123),
(1877, 5, '2020-04-11', '10:00', 124),
(1878, 5, '2020-04-11', '09:00', 124),
(1879, 5, '2020-04-11', '08:00', 124),
(1880, 5, '2020-04-11', '07:00', 124),
(1881, 5, '2020-04-11', '06:00', 124),
(1882, 5, '2020-04-11', '05:00', 124),
(1883, 5, '2020-04-11', '04:00', 124),
(1884, 5, '2020-04-11', '03:00', 124),
(1885, 5, '2020-04-11', '02:00', 124),
(1886, 5, '2020-04-11', '01:00', 124),
(1887, 5, '2020-04-11', '00:00', 123),
(1888, 5, '2020-04-10', '23:00', 124),
(1889, 5, '2020-04-10', '22:00', 124),
(1890, 5, '2020-04-10', '21:00', 123),
(1891, 5, '2020-04-10', '20:00', 123),
(1892, 5, '2020-04-10', '19:00', 124),
(1893, 5, '2020-04-10', '18:00', 123),
(1894, 5, '2020-04-10', '17:00', 123),
(1895, 5, '2020-04-10', '16:00', 124),
(1896, 5, '2020-04-10', '15:00', 124),
(1897, 5, '2020-04-10', '14:00', 124),
(1898, 5, '2020-04-10', '13:00', 124),
(1899, 5, '2020-04-10', '12:00', 124),
(1900, 5, '2020-04-10', '11:00', 124);
INSERT INTO meres VALUES
(1901, 5, '2020-04-10', '10:00', 125),
(1902, 5, '2020-04-10', '09:00', 125),
(1903, 5, '2020-04-10', '08:00', 125),
(1904, 5, '2020-04-10', '07:00', 126),
(1905, 5, '2020-04-10', '06:00', 126),
(1906, 5, '2020-04-10', '05:00', 126),
(1907, 5, '2020-04-10', '04:00', 126),
(1908, 5, '2020-04-10', '03:00', 126),
(1909, 5, '2020-04-10', '02:00', 126),
(1910, 5, '2020-04-10', '01:00', 126),
(1911, 5, '2020-04-10', '00:00', 126),
(1912, 5, '2020-04-09', '23:00', 126),
(1913, 5, '2020-04-09', '22:00', 126),
(1914, 5, '2020-04-09', '21:00', 126),
(1915, 5, '2020-04-09', '20:00', 126),
(1916, 5, '2020-04-09', '19:00', 126),
(1917, 5, '2020-04-09', '18:00', 126),
(1918, 5, '2020-04-09', '17:00', 126),
(1919, 5, '2020-04-09', '16:00', 125),
(1920, 5, '2020-04-09', '15:00', 125),
(1921, 5, '2020-04-09', '14:00', 124),
(1922, 5, '2020-04-09', '13:00', 123),
(1923, 5, '2020-04-09', '12:00', 124),
(1924, 5, '2020-04-09', '11:00', 124),
(1925, 5, '2020-04-09', '10:00', 124),
(1926, 5, '2020-04-09', '09:00', 124),
(1927, 5, '2020-04-09', '08:00', 124),
(1928, 5, '2020-04-09', '07:00', 124),
(1929, 5, '2020-04-09', '06:00', 124),
(1930, 5, '2020-04-09', '05:00', 124),
(1931, 5, '2020-04-09', '04:00', 125),
(1932, 5, '2020-04-09', '03:00', 125),
(1933, 5, '2020-04-09', '02:00', 125),
(1934, 5, '2020-04-09', '01:00', 125),
(1935, 5, '2020-04-09', '00:00', 126),
(1936, 5, '2020-04-08', '23:00', 126),
(1937, 5, '2020-04-08', '22:00', 126),
(1938, 5, '2020-04-08', '21:00', 127),
(1939, 5, '2020-04-08', '20:00', 127),
(1940, 5, '2020-04-08', '19:00', 127),
(1941, 5, '2020-04-08', '18:00', 128),
(1942, 5, '2020-04-08', '17:00', 128),
(1943, 5, '2020-04-08', '16:00', 129),
(1944, 5, '2020-04-08', '15:00', 130),
(1945, 5, '2020-04-08', '14:00', 130),
(1946, 5, '2020-04-08', '13:00', 131),
(1947, 5, '2020-04-08', '12:00', 132),
(1948, 5, '2020-04-08', '11:00', 133),
(1949, 5, '2020-04-08', '10:00', 133),
(1950, 5, '2020-04-08', '09:00', 134),
(1951, 5, '2020-04-08', '08:00', 134),
(1952, 5, '2020-04-08', '07:00', 135),
(1953, 5, '2020-04-08', '06:00', 136),
(1954, 5, '2020-04-08', '05:00', 136),
(1955, 5, '2020-04-08', '04:00', 137),
(1956, 5, '2020-04-08', '03:00', 137),
(1957, 5, '2020-04-08', '02:00', 138),
(1958, 5, '2020-04-08', '01:00', 138),
(1959, 5, '2020-04-08', '00:00', 139),
(1960, 5, '2020-04-07', '23:00', 140),
(1961, 5, '2020-04-07', '22:00', 140),
(1962, 5, '2020-04-07', '21:00', 140),
(1963, 5, '2020-04-07', '20:00', 141),
(1964, 5, '2020-04-07', '19:00', 141),
(1965, 5, '2020-04-07', '18:00', 142),
(1966, 5, '2020-04-07', '17:00', 142),
(1967, 5, '2020-04-07', '16:00', 143),
(1968, 5, '2020-04-07', '15:00', 144),
(1969, 5, '2020-04-07', '14:00', 144),
(1970, 5, '2020-04-07', '13:00', 146),
(1971, 5, '2020-04-07', '12:00', 146),
(1972, 5, '2020-04-07', '11:00', 145),
(1973, 5, '2020-04-07', '10:00', 144),
(1974, 5, '2020-04-07', '09:00', 144),
(1975, 5, '2020-04-07', '08:00', 144),
(1976, 5, '2020-04-07', '07:00', 144),
(1977, 5, '2020-04-07', '06:00', 144),
(1978, 5, '2020-04-07', '05:00', 145),
(1979, 5, '2020-04-07', '04:00', 145),
(1980, 5, '2020-04-07', '03:00', 145),
(1981, 5, '2020-04-07', '02:00', 145),
(1982, 5, '2020-04-07', '01:00', 146),
(1983, 5, '2020-04-07', '00:00', 146),
(1984, 5, '2020-04-06', '23:00', 146),
(1985, 5, '2020-04-06', '22:00', 146),
(1986, 5, '2020-04-06', '21:00', 146),
(1987, 5, '2020-04-06', '20:00', 146),
(1988, 5, '2020-04-06', '19:00', 147),
(1989, 5, '2020-04-06', '18:00', 147),
(1990, 5, '2020-04-06', '17:00', 146),
(1991, 5, '2020-04-06', '16:00', 145),
(1992, 5, '2020-04-06', '15:00', 144),
(1993, 5, '2020-04-06', '14:00', 143),
(1994, 5, '2020-04-06', '13:00', 142),
(1995, 5, '2020-04-06', '12:00', 142),
(1996, 5, '2020-04-06', '11:00', 142),
(1997, 5, '2020-04-06', '10:00', 142),
(1998, 5, '2020-04-06', '09:00', 142),
(1999, 5, '2020-04-06', '08:00', 143),
(2000, 5, '2020-04-06', '07:00', 142);
INSERT INTO meres VALUES
(2001, 5, '2020-04-06', '06:00', 143),
(2002, 5, '2020-04-06', '05:00', 143),
(2003, 5, '2020-04-06', '04:00', 143),
(2004, 5, '2020-04-06', '03:00', 143),
(2005, 5, '2020-04-06', '02:00', 142),
(2006, 5, '2020-04-06', '01:00', 142),
(2007, 5, '2020-04-06', '00:00', 142),
(2008, 5, '2020-04-05', '23:00', 142),
(2009, 5, '2020-04-05', '22:00', 142),
(2010, 5, '2020-04-05', '21:00', 142),
(2011, 5, '2020-04-05', '20:00', 142),
(2012, 5, '2020-04-05', '19:00', 142),
(2013, 5, '2020-04-05', '18:00', 142),
(2014, 5, '2020-04-05', '17:00', 142),
(2015, 5, '2020-04-05', '16:00', 142),
(2016, 5, '2020-04-05', '15:00', 142),
(2017, 5, '2020-04-05', '14:00', 142),
(2018, 5, '2020-04-05', '13:00', 141),
(2019, 5, '2020-04-05', '12:00', 141),
(2020, 5, '2020-04-05', '11:00', 141),
(2021, 5, '2020-04-05', '10:00', 141),
(2022, 5, '2020-04-05', '09:00', 141),
(2023, 5, '2020-04-05', '08:00', 141),
(2024, 5, '2020-04-05', '07:00', 141),
(2025, 5, '2020-04-05', '06:00', 142),
(2026, 5, '2020-04-05', '05:00', 142),
(2027, 5, '2020-04-05', '04:00', 142),
(2028, 5, '2020-04-05', '03:00', 142),
(2029, 5, '2020-04-05', '02:00', 142),
(2030, 5, '2020-04-05', '01:00', 143),
(2031, 5, '2020-04-05', '00:00', 143),
(2032, 5, '2020-04-04', '23:00', 143),
(2033, 5, '2020-04-04', '22:00', 143),
(2034, 5, '2020-04-04', '21:00', 144),
(2035, 5, '2020-04-04', '20:00', 145),
(2036, 5, '2020-04-04', '19:00', 145),
(2037, 5, '2020-04-04', '18:00', 145),
(2038, 5, '2020-04-04', '17:00', 145),
(2039, 5, '2020-04-04', '16:00', 146),
(2040, 5, '2020-04-04', '15:00', 146),
(2041, 5, '2020-04-04', '14:00', 146),
(2042, 5, '2020-04-04', '13:00', 146),
(2043, 5, '2020-04-04', '12:00', 146),
(2044, 5, '2020-04-04', '11:00', 145),
(2045, 5, '2020-04-04', '10:00', 145),
(2046, 5, '2020-04-04', '09:00', 145),
(2047, 5, '2020-04-04', '08:00', 145),
(2048, 5, '2020-04-04', '07:00', 145),
(2049, 5, '2020-04-04', '06:00', 144),
(2050, 5, '2020-04-04', '05:00', 144),
(2051, 5, '2020-04-04', '04:00', 144),
(2052, 5, '2020-04-04', '03:00', 144),
(2053, 5, '2020-04-04', '02:00', 143),
(2054, 5, '2020-04-04', '01:00', 143),
(2055, 5, '2020-04-04', '00:00', 143),
(2056, 5, '2020-04-03', '23:00', 143),
(2057, 5, '2020-04-03', '22:00', 143),
(2058, 5, '2020-04-03', '21:00', 143),
(2059, 5, '2020-04-03', '20:00', 143),
(2060, 5, '2020-04-03', '19:00', 143),
(2061, 5, '2020-04-03', '18:00', 143),
(2062, 5, '2020-04-03', '17:00', 143),
(2063, 5, '2020-04-03', '16:00', 143),
(2064, 5, '2020-04-03', '15:00', 143),
(2065, 5, '2020-04-03', '14:00', 143),
(2066, 5, '2020-04-03', '13:00', 143),
(2067, 5, '2020-04-03', '12:00', 143),
(2068, 5, '2020-04-03', '11:00', 143),
(2069, 5, '2020-04-03', '10:00', 143),
(2070, 5, '2020-04-03', '09:00', 142),
(2071, 5, '2020-04-03', '08:00', 143),
(2072, 5, '2020-04-03', '07:00', 142),
(2073, 5, '2020-04-03', '06:00', 143),
(2074, 5, '2020-04-03', '05:00', 143),
(2075, 5, '2020-04-03', '04:00', 143),
(2076, 5, '2020-04-03', '03:00', 143),
(2077, 5, '2020-04-03', '02:00', 143),
(2078, 5, '2020-04-03', '01:00', 143),
(2079, 5, '2020-04-03', '00:00', 143),
(2080, 5, '2020-04-02', '23:00', 143),
(2081, 5, '2020-04-02', '22:00', 143),
(2082, 5, '2020-04-02', '21:00', 143),
(2083, 5, '2020-04-02', '20:00', 143),
(2084, 5, '2020-04-02', '19:00', 142),
(2085, 5, '2020-04-02', '18:00', 143),
(2086, 5, '2020-04-02', '17:00', 143),
(2087, 5, '2020-04-02', '16:00', 143),
(2088, 5, '2020-04-02', '15:00', 143),
(2089, 5, '2020-04-02', '14:00', 143),
(2090, 5, '2020-04-02', '13:00', 144),
(2091, 5, '2020-04-02', '12:00', 144),
(2092, 5, '2020-04-02', '11:00', 144),
(2093, 5, '2020-04-02', '10:00', 144),
(2094, 5, '2020-04-02', '09:00', 144),
(2095, 5, '2020-04-02', '08:00', 144),
(2096, 5, '2020-04-02', '07:00', 144),
(2097, 5, '2020-04-02', '06:00', 144),
(2098, 5, '2020-04-02', '05:00', 145),
(2099, 5, '2020-04-02', '04:00', 145),
(2100, 5, '2020-04-02', '03:00', 145);
INSERT INTO meres VALUES
(2101, 5, '2020-04-02', '02:00', 145),
(2102, 5, '2020-04-02', '01:00', 145),
(2103, 5, '2020-04-02', '00:00', 145),
(2104, 5, '2020-04-01', '23:00', 146),
(2105, 5, '2020-04-01', '22:00', 146),
(2106, 5, '2020-04-01', '21:00', 146),
(2107, 5, '2020-04-01', '20:00', 147),
(2108, 5, '2020-04-01', '19:00', 147),
(2109, 5, '2020-04-01', '18:00', 147),
(2110, 5, '2020-04-01', '17:00', 147),
(2111, 5, '2020-04-01', '16:00', 148),
(2112, 5, '2020-04-01', '15:00', 148),
(2113, 5, '2020-04-01', '14:00', 148),
(2114, 5, '2020-04-01', '13:00', 149),
(2115, 5, '2020-04-01', '12:00', 150),
(2116, 5, '2020-04-01', '11:00', 150),
(2117, 5, '2020-04-01', '10:00', 151),
(2118, 5, '2020-04-01', '09:00', 151),
(2119, 5, '2020-04-01', '08:00', 151),
(2120, 5, '2020-04-01', '07:00', 152),
(2121, 5, '2020-04-01', '06:00', 153),
(2122, 5, '2020-04-01', '05:00', 153),
(2123, 5, '2020-04-01', '04:00', 154),
(2124, 5, '2020-04-01', '03:00', 154),
(2125, 5, '2020-04-01', '02:00', 155),
(2126, 5, '2020-04-01', '01:00', 155),
(2127, 5, '2020-04-01', '00:00', 156),
(2128, 5, '2020-03-31', '23:00', 156),
(2129, 5, '2020-03-31', '22:00', 157),
(2130, 5, '2020-03-31', '21:00', 157),
(2131, 5, '2020-03-31', '20:00', 157),
(2132, 5, '2020-03-31', '19:00', 157),
(2133, 5, '2020-03-31', '18:00', 157),
(2134, 5, '2020-03-31', '17:00', 157),
(2135, 5, '2020-03-31', '16:00', 158),
(2136, 5, '2020-03-31', '15:00', 158),
(2137, 5, '2020-03-31', '14:00', 158),
(2138, 5, '2020-03-31', '13:00', 158),
(2139, 5, '2020-03-31', '12:00', 158),
(2140, 5, '2020-03-31', '11:00', 159),
(2141, 5, '2020-03-31', '10:00', 158),
(2142, 5, '2020-03-31', '08:00', 159),
(2143, 5, '2020-03-31', '07:00', 159),
(2144, 5, '2020-03-31', '06:00', 159),
(2145, 5, '2020-03-31', '05:00', 159),
(2146, 5, '2020-03-31', '04:00', 160),
(2147, 5, '2020-03-31', '03:00', 160),
(2148, 5, '2020-03-31', '02:00', 160),
(2149, 5, '2020-03-31', '01:00', 160),
(2150, 5, '2020-03-31', '00:00', 160),
(2151, 5, '2020-03-30', '23:00', 160),
(2152, 5, '2020-03-30', '22:00', 160),
(2153, 5, '2020-03-30', '21:00', 161),
(2154, 5, '2020-03-30', '20:00', 161),
(2155, 5, '2020-03-30', '19:00', 161),
(2156, 5, '2020-03-30', '18:00', 162),
(2157, 5, '2020-03-30', '17:00', 162),
(2158, 5, '2020-03-30', '16:00', 162),
(2159, 5, '2020-03-30', '15:00', 163),
(2160, 5, '2020-03-30', '14:00', 163),
(2161, 5, '2020-03-30', '13:00', 164),
(2162, 5, '2020-03-30', '12:00', 164),
(2163, 5, '2020-03-30', '11:00', 164),
(2164, 5, '2020-03-30', '10:00', 164),
(2165, 5, '2020-03-30', '09:00', 165),
(2166, 5, '2020-03-30', '08:00', 165),
(2167, 5, '2020-03-30', '07:00', 167),
(2168, 5, '2020-03-30', '06:00', 166),
(2169, 5, '2020-03-30', '05:00', 166),
(2170, 5, '2020-03-30', '04:00', 167),
(2171, 5, '2020-03-30', '03:00', 167),
(2172, 5, '2020-03-30', '02:00', 168),
(2173, 5, '2020-03-30', '01:00', 168),
(2174, 5, '2020-03-30', '00:00', 169),
(2175, 5, '2020-03-29', '23:00', 169),
(2176, 5, '2020-03-29', '22:00', 170),
(2177, 5, '2020-03-29', '21:00', 170),
(2178, 5, '2020-03-29', '20:00', 171),
(2179, 5, '2020-03-29', '19:00', 171),
(2180, 5, '2020-03-29', '18:00', 171),
(2181, 5, '2020-03-29', '17:00', 172),
(2182, 5, '2020-03-29', '16:00', 173),
(2183, 5, '2020-03-29', '15:00', 173),
(2184, 5, '2020-03-29', '14:00', 174),
(2185, 5, '2020-03-29', '13:00', 175),
(2186, 5, '2020-03-29', '12:00', 175),
(2187, 5, '2020-03-29', '11:00', 176),
(2188, 5, '2020-03-29', '10:00', 176),
(2189, 5, '2020-03-29', '09:00', 177),
(2190, 5, '2020-03-29', '08:00', 177),
(2191, 5, '2020-03-29', '07:00', 178),
(2192, 5, '2020-03-29', '06:00', 178),
(2193, 5, '2020-03-29', '05:00', 178),
(2194, 5, '2020-03-29', '04:00', 179),
(2195, 5, '2020-03-29', '03:00', 179),
(2196, 5, '2020-03-29', '03:00', 180),
(2197, 5, '2020-03-29', '01:00', 179),
(2198, 5, '2020-03-29', '00:00', 180),
(2199, 5, '2020-03-28', '23:00', 180),
(2200, 5, '2020-03-28', '22:00', 181);
INSERT INTO meres VALUES
(2201, 5, '2020-03-28', '21:00', 181),
(2202, 5, '2020-03-28', '20:00', 182),
(2203, 5, '2020-03-28', '19:00', 183),
(2204, 5, '2020-03-28', '18:00', 183),
(2205, 5, '2020-03-28', '17:00', 184),
(2206, 5, '2020-03-28', '16:00', 185),
(2207, 5, '2020-03-28', '15:00', 185),
(2208, 5, '2020-03-28', '14:00', 185),
(2209, 5, '2020-03-28', '13:00', 186),
(2210, 5, '2020-03-28', '12:00', 186),
(2211, 5, '2020-03-28', '11:00', 187),
(2212, 5, '2020-03-28', '10:00', 187),
(2213, 5, '2020-03-28', '09:00', 188),
(2214, 5, '2020-03-28', '08:00', 188),
(2215, 5, '2020-03-28', '07:00', 189),
(2216, 5, '2020-03-28', '06:00', 189),
(2217, 5, '2020-03-28', '05:00', 190),
(2218, 5, '2020-03-28', '04:00', 190),
(2219, 5, '2020-03-28', '03:00', 191),
(2220, 5, '2020-03-28', '02:00', 191),
(2221, 5, '2020-03-28', '01:00', 191),
(2222, 5, '2020-03-28', '00:00', 192),
(2223, 5, '2020-03-27', '23:00', 192),
(2224, 5, '2020-03-27', '22:00', 193),
(2225, 5, '2020-03-27', '21:00', 193),
(2226, 5, '2020-03-27', '20:00', 193);
